Edad,Género,Departamento,Identificación Ideológica,Aprobación del Gobierno,Principal Preocupación,Intención de Voto
56-65,masculino,Montevideo,NS/NC,aprueba,Economía/Empleo/Costo de vida,Partido Colorado
18-22,femenino,Maldonado,izquierda,desaprueba,Inseguridad,Frente Amplio
66+,masculino,Cerro Largo,,aprueba,Corrupción en el Gobierno,No he decidido
23-35,masculino,Montevideo,NS/NC,aprueba,Corrupción en el Gobierno,Frente Amplio
23-35,masculino,Montevideo,derecha,aprueba,Inseguridad,Partido Nacional
56-65,femenino,Colonia,centro-derecha,aprueba,Corrupción en el Gobierno,Partido Colorado
56-65,femenino,Canelones,izquierda,desaprueba,Economía/Empleo/Costo de vida,Partido Ecologíasta Radical/César Vega
18-22,femenino,Montevideo,centro,desaprueba,Corrupción en el Gobierno,No he decidido
46-55,masculino,Canelones,derecha radical,aprueba,Inseguridad,Partido Nacional
18-22,masculino,Montevideo,NS/NC,ni aprueba ni desaprueba,Economía/Empleo/Costo de vida,Frente Amplio
23-35,masculino,Maldonado,centro-izquierda,desaprueba,Inseguridad,Frente Amplio
18-22,masculino,Rivera,centro-derecha,aprueba,Economía/Empleo/Costo de vida,Partido Colorado
56-65,masculino,Canelones,NS/NC,desaprueba,Corrupción en el Gobierno,Frente Amplio
56-65,femenino,Maldonado,derecha,desaprueba,Educación,Partido Nacional
66+,masculino,Montevideo,izquierda radical,desaprueba,Medio Ambiente,Partido Ecologíasta Radical/César Vega
66+,femenino,Treinta y Tres,derecha,NS/NC,Corrupción en el Gobierno,Partido Nacional
46-55,masculino,Paysandú,NS/NC,aprueba,Corrupción en el Gobierno,Frente Amplio
56-65,femenino,Canelones,izquierda,aprueba,Economía/Empleo/Costo de vida,Cabildo Abierto
23-35,masculino,Maldonado,centro-derecha,ni aprueba ni desaprueba,Economía/Empleo/Costo de vida,No he decidido
56-65,masculino,Montevideo,derecha,ni aprueba ni desaprueba,Inseguridad,No he decidido
23-35,masculino,Artigas,derecha,aprueba,Inseguridad,Partido Nacional
46-55,femenino,Tacuarembó,derecha,aprueba,Inseguridad,Partido Nacional
46-55,masculino,Canelones,derecha,ni aprueba ni desaprueba,Economía/Empleo/Costo de vida,No votará/Blanco/Anulado
23-35,femenino,Paysandú,NS/NC,desaprueba,Educación,Frente Amplio
56-65,masculino,Lavalleja,derecha,aprueba,Economía/Empleo/Costo de vida,Partido Nacional
23-35,femenino,Colonia,centro-derecha,desaprueba,Corrupción en el Gobierno,Partido Colorado
46-55,masculino,Salto,derecha,ni aprueba ni desaprueba,Corrupción en el Gobierno,No votará/Blanco/Anulado
23-35,femenino,Montevideo,centro-izquierda,desaprueba,Inseguridad,Frente Amplio
18-22,femenino,Maldonado,derecha radical,ni aprueba ni desaprueba,Economía/Empleo/Costo de vida,Cabildo Abierto
23-35,femenino,Montevideo,NS/NC,ni aprueba ni desaprueba,Educación,Partido Nacional
18-22,masculino,Canelones,derecha,desaprueba,Educación,Cabildo Abierto
36-45,masculino,Maldonado,NS/NC,ni aprueba ni desaprueba,Economía/Empleo/Costo de vida,No he decidido
23-35,femenino,Lavalleja,derecha,aprueba,Economía/Empleo/Costo de vida,Partido Nacional
56-65,masculino,Lavalleja,NS/NC,aprueba,Medio Ambiente,Partido Nacional
36-45,masculino,Cerro Largo,centro-derecha,desaprueba,Inseguridad,Partido Colorado
66+,masculino,Montevideo,izquierda radical,desaprueba,Inseguridad,Frente Amplio
66+,masculino,Salto,derecha,aprueba,Economía/Empleo/Costo de vida,Partido Nacional
36-45,femenino,Florida,centro-izquierda,desaprueba,Inseguridad,Frente Amplio
66+,femenino,Canelones,izquierda,desaprueba,Inseguridad,Frente Amplio
46-55,femenino,Río Negro,NS/NC,desaprueba,Corrupción en el Gobierno,No votará/Blanco/Anulado
66+,femenino,Montevideo,NS/NC,aprueba,Economía/Empleo/Costo de vida,Frente Amplio
56-65,masculino,Soriano,derecha radical,desaprueba,Educación,Cabildo Abierto
56-65,femenino,Montevideo,centro-izquierda,ni aprueba ni desaprueba,Corrupción en el Gobierno,Partido Independiente
46-55,femenino,Montevideo,centro-izquierda,desaprueba,Economía/Empleo/Costo de vida,Frente Amplio
56-65,femenino,Montevideo,NS/NC,ni aprueba ni desaprueba,Corrupción en el Gobierno,Frente Amplio
56-65,femenino,Tacuarembó,centro,aprueba,NS/NC,Partido de la Gente
46-55,femenino,Maldonado,centro-izquierda,desaprueba,Corrupción en el Gobierno,No votará/Blanco/Anulado
66+,femenino,Canelones,centro-izquierda,aprueba,Economía/Empleo/Costo de vida,Partido Nacional
66+,femenino,Rivera,centro-derecha,aprueba,Economía/Empleo/Costo de vida,Partido Colorado
23-35,masculino,Florida,izquierda radical,desaprueba,Economía/Empleo/Costo de vida,Unidad Popular
46-55,masculino,Canelones,NS/NC,aprueba,Economía/Empleo/Costo de vida,Partido Nacional
23-35,femenino,Canelones,centro,ni aprueba ni desaprueba,Educación,Cabildo Abierto
46-55,femenino,Montevideo,centro-izquierda,desaprueba,Economía/Empleo/Costo de vida,Frente Amplio
36-45,femenino,Canelones,NS/NC,ni aprueba ni desaprueba,Inseguridad,Partido Independiente
36-45,femenino,Rocha,centro-derecha,ni aprueba ni desaprueba,Corrupción en el Gobierno,No votará/Blanco/Anulado
36-45,masculino,Montevideo,izquierda radical,desaprueba,Economía/Empleo/Costo de vida,Unidad Popular
23-35,masculino,Montevideo,izquierda radical,desaprueba,Inseguridad,Frente Amplio
36-45,femenino,Montevideo,centro-derecha,desaprueba,Corrupción en el Gobierno,Frente Amplio
23-35,femenino,Montevideo,izquierda,aprueba,Corrupción en el Gobierno,Frente Amplio
23-35,masculino,Montevideo,izquierda,desaprueba,Economía/Empleo/Costo de vida,No votará/Blanco/Anulado
56-65,femenino,Tacuarembó,centro-derecha,desaprueba,Economía/Empleo/Costo de vida,Partido Colorado
56-65,masculino,Rivera,centro-derecha,aprueba,Economía/Empleo/Costo de vida,Partido Colorado
23-35,femenino,Colonia,centro,aprueba,Economía/Empleo/Costo de vida,No he decidido
23-35,femenino,Cerro Largo,NS/NC,NS/NC,Corrupción en el Gobierno,Frente Amplio
36-45,masculino,Rivera,NS/NC,desaprueba,Inseguridad,Frente Amplio
18-22,femenino,Salto,centro-izquierda,desaprueba,Economía/Empleo/Costo de vida,Frente Amplio
36-45,femenino,Rivera,NS/NC,desaprueba,Inseguridad,Frente Amplio
46-55,masculino,Montevideo,NS/NC,desaprueba,NS/NC,Frente Amplio
66+,femenino,Canelones,izquierda,ni aprueba ni desaprueba,Inseguridad,No he decidido
36-45,femenino,Canelones,derecha,aprueba,Educación,Cabildo Abierto
66+,femenino,Montevideo,izquierda,desaprueba,Medio Ambiente,Partido Ecologíasta Radical/César Vega
18-22,masculino,Maldonado,centro-derecha,desaprueba,Economía/Empleo/Costo de vida,Partido Nacional
46-55,masculino,Canelones,derecha,ni aprueba ni desaprueba,Economía/Empleo/Costo de vida,Partido Nacional
36-45,masculino,Tacuarembó,derecha,NS/NC,Economía/Empleo/Costo de vida,Partido Nacional
36-45,masculino,Canelones,derecha,desaprueba,Inseguridad,Partido Nacional
36-45,masculino,Canelones,derecha radical,NS/NC,Educación,Cabildo Abierto
46-55,masculino,Maldonado,NS/NC,ni aprueba ni desaprueba,Inseguridad,Partido Colorado
56-65,femenino,Canelones,NS/NC,desaprueba,Economía/Empleo/Costo de vida,Cabildo Abierto
36-45,femenino,Canelones,derecha,aprueba,Economía/Empleo/Costo de vida,Partido Nacional
36-45,masculino,Montevideo,izquierda,desaprueba,Economía/Empleo/Costo de vida,Frente Amplio
36-45,femenino,Cerro Largo,izquierda,desaprueba,Inseguridad,No he decidido
18-22,masculino,Montevideo,centro-izquierda,ni aprueba ni desaprueba,Economía/Empleo/Costo de vida,Frente Amplio
36-45,masculino,Maldonado,centro-derecha,desaprueba,Corrupción en el Gobierno,No he decidido
56-65,masculino,Montevideo,NS/NC,desaprueba,Corrupción en el Gobierno,Frente Amplio
56-65,masculino,Canelones,centro-derecha,aprueba,NS/NC,No he decidido
46-55,femenino,Artigas,derecha,NS/NC,Educación,Partido Nacional
46-55,masculino,Rivera,centro,desaprueba,Corrupción en el Gobierno,Partido Colorado
18-22,masculino,Canelones,izquierda,desaprueba,Economía/Empleo/Costo de vida,Frente Amplio
46-55,masculino,Tacuarembó,derecha radical,desaprueba,Educación,Cabildo Abierto
36-45,masculino,Montevideo,derecha,desaprueba,Inseguridad,Frente Amplio
36-45,femenino,Colonia,derecha,aprueba,NS/NC,Partido Nacional
56-65,femenino,Maldonado,NS/NC,desaprueba,Medio Ambiente,Frente Amplio
36-45,masculino,Lavalleja,centro-derecha,desaprueba,Economía/Empleo/Costo de vida,Frente Amplio
18-22,femenino,Florida,derecha,ni aprueba ni desaprueba,Corrupción en el Gobierno,Partido Nacional
18-22,femenino,Montevideo,derecha radical,desaprueba,Educación,No he decidido
46-55,femenino,Montevideo,derecha,ni aprueba ni desaprueba,Corrupción en el Gobierno,No he decidido
18-22,femenino,Montevideo,izquierda,desaprueba,Economía/Empleo/Costo de vida,Frente Amplio
56-65,femenino,Canelones,centro-izquierda,NS/NC,Educación,Partido Independiente
46-55,masculino,Montevideo,izquierda,desaprueba,Inseguridad,Frente Amplio
23-35,femenino,Lavalleja,derecha radical,aprueba,Inseguridad,Partido Nacional
23-35,masculino,Montevideo,izquierda radical,ni aprueba ni desaprueba,Medio Ambiente,Partido Ecologíasta Radical/César Vega
36-45,masculino,Canelones,izquierda,NS/NC,Economía/Empleo/Costo de vida,Frente Amplio
36-45,femenino,Montevideo,NS/NC,aprueba,NS/NC,Partido de la Gente
66+,masculino,Treinta y Tres,derecha,ni aprueba ni desaprueba,Inseguridad,Partido Nacional
36-45,masculino,Montevideo,NS/NC,desaprueba,Corrupción en el Gobierno,Partido Digital
23-35,masculino,Montevideo,derecha radical,aprueba,Inseguridad,No he decidido
56-65,masculino,Montevideo,derecha,ni aprueba ni desaprueba,Economía/Empleo/Costo de vida,Frente Amplio
46-55,femenino,Florida,NS/NC,desaprueba,Inseguridad,Partido Independiente
56-65,femenino,Artigas,centro-derecha,aprueba,Inseguridad,Partido Colorado
23-35,femenino,Florida,NS/NC,desaprueba,Medio Ambiente,Partido Ecologíasta Radical/César Vega
23-35,femenino,Artigas,izquierda,ni aprueba ni desaprueba,Corrupción en el Gobierno,No he decidido
18-22,femenino,Lavalleja,derecha radical,aprueba,Corrupción en el Gobierno,Partido Nacional
56-65,femenino,Cerro Largo,derecha,aprueba,Economía/Empleo/Costo de vida,Partido Nacional
46-55,masculino,Montevideo,centro-izquierda,NS/NC,Economía/Empleo/Costo de vida,Partido de la Gente
23-35,masculino,Montevideo,centro-izquierda,desaprueba,Corrupción en el Gobierno,No he decidido
56-65,masculino,Montevideo,centro-derecha,desaprueba,NS/NC,Frente Amplio
66+,femenino,San José,izquierda,aprueba,Política Internacional,Frente Amplio
23-35,femenino,Paysandú,izquierda radical,desaprueba,Corrupción en el Gobierno,Identidad Ciudadana/Gustavo Salle
23-35,femenino,Lavalleja,derecha radical,ni aprueba ni desaprueba,Inseguridad,Partido Nacional
23-35,femenino,Montevideo,izquierda,ni aprueba ni desaprueba,Inseguridad,Frente Amplio
36-45,femenino,Montevideo,izquierda radical,desaprueba,Inseguridad,Frente Amplio
36-45,femenino,Montevideo,derecha,aprueba,Educación,Partido de la Gente
46-55,femenino,Canelones,derecha radical,aprueba,Economía/Empleo/Costo de vida,Partido Nacional
18-22,masculino,Montevideo,izquierda radical,desaprueba,Inseguridad,Unidad Popular
36-45,femenino,Montevideo,derecha radical,desaprueba,Economía/Empleo/Costo de vida,No votará/Blanco/Anulado
56-65,femenino,Rivera,derecha radical,desaprueba,Inseguridad,Partido Colorado
66+,masculino,Canelones,derecha radical,aprueba,Corrupción en el Gobierno,Partido Nacional
56-65,masculino,Maldonado,centro-izquierda,ni aprueba ni desaprueba,Corrupción en el Gobierno,Frente Amplio
66+,masculino,Montevideo,NS/NC,aprueba,Inseguridad,No he decidido
66+,femenino,Canelones,NS/NC,aprueba,NS/NC,Partido Nacional
46-55,femenino,Tacuarembó,NS/NC,aprueba,Inseguridad,Frente Amplio
18-22,masculino,Canelones,derecha,aprueba,NS/NC,Partido de la Gente
23-35,masculino,Treinta y Tres,derecha,ni aprueba ni desaprueba,Economía/Empleo/Costo de vida,Partido Nacional
46-55,femenino,Artigas,izquierda radical,aprueba,Inseguridad,Unidad Popular
56-65,femenino,Lavalleja,derecha,aprueba,Inseguridad,Partido Colorado
36-45,masculino,Canelones,izquierda,ni aprueba ni desaprueba,Economía/Empleo/Costo de vida,Frente Amplio
66+,femenino,Montevideo,izquierda radical,ni aprueba ni desaprueba,Corrupción en el Gobierno,Identidad Ciudadana/Gustavo Salle
18-22,femenino,Montevideo,NS/NC,NS/NC,Economía/Empleo/Costo de vida,Frente Amplio
18-22,masculino,Canelones,izquierda radical,ni aprueba ni desaprueba,Inseguridad,Frente Amplio
66+,femenino,Rocha,NS/NC,aprueba,Inseguridad,Partido Nacional
18-22,masculino,Maldonado,NS/NC,ni aprueba ni desaprueba,Inseguridad,Partido Colorado
56-65,femenino,Soriano,izquierda,desaprueba,Economía/Empleo/Costo de vida,Frente Amplio
66+,masculino,Montevideo,NS/NC,aprueba,Inseguridad,Frente Amplio
66+,femenino,Canelones,izquierda,desaprueba,NS/NC,Frente Amplio
56-65,femenino,Montevideo,centro,aprueba,Educación,Frente Amplio
36-45,femenino,Montevideo,centro,ni aprueba ni desaprueba,Corrupción en el Gobierno,No he decidido
18-22,femenino,San José,centro-izquierda,aprueba,Medio Ambiente,No he decidido
18-22,masculino,Rivera,NS/NC,desaprueba,Educación,Frente Amplio
66+,masculino,Artigas,NS/NC,ni aprueba ni desaprueba,Corrupción en el Gobierno,No he decidido
46-55,femenino,Lavalleja,derecha radical,aprueba,Economía/Empleo/Costo de vida,Partido Nacional
46-55,masculino,Tacuarembó,derecha,aprueba,Economía/Empleo/Costo de vida,Partido Nacional
18-22,femenino,Cerro Largo,derecha radical,desaprueba,Inseguridad,Cabildo Abierto
56-65,femenino,Montevideo,izquierda radical,aprueba,Economía/Empleo/Costo de vida,Frente Amplio
18-22,femenino,Rivera,NS/NC,desaprueba,Economía/Empleo/Costo de vida,Frente Amplio
36-45,femenino,Florida,centro-derecha,ni aprueba ni desaprueba,Economía/Empleo/Costo de vida,Partido Colorado
36-45,femenino,Lavalleja,centro-derecha,desaprueba,Corrupción en el Gobierno,Frente Amplio
23-35,masculino,Montevideo,centro-izquierda,desaprueba,Inseguridad,Frente Amplio
66+,femenino,Maldonado,izquierda,desaprueba,NS/NC,Frente Amplio
23-35,masculino,Montevideo,derecha radical,desaprueba,Corrupción en el Gobierno,Movimiento Basta Ya/Jorge Bonica
56-65,femenino,Montevideo,centro-izquierda,desaprueba,Economía/Empleo/Costo de vida,Frente Amplio
66+,masculino,Artigas,NS/NC,NS/NC,Economía/Empleo/Costo de vida,Frente Amplio
18-22,masculino,Artigas,derecha radical,ni aprueba ni desaprueba,Corrupción en el Gobierno,Partido Nacional
46-55,femenino,Montevideo,centro,desaprueba,Economía/Empleo/Costo de vida,No he decidido
18-22,masculino,Canelones,NS/NC,aprueba,Economía/Empleo/Costo de vida,Partido Colorado
23-35,femenino,San José,NS/NC,aprueba,Corrupción en el Gobierno,Partido Independiente
56-65,masculino,Montevideo,centro-izquierda,desaprueba,Educación,Frente Amplio
18-22,masculino,San José,derecha,aprueba,Política Internacional,Partido Nacional
18-22,femenino,Canelones,derecha,aprueba,NS/NC,Partido Nacional
46-55,femenino,Salto,derecha radical,desaprueba,Corrupción en el Gobierno,No he decidido
66+,femenino,Montevideo,centro,desaprueba,Inseguridad,Frente Amplio
46-55,femenino,Montevideo,centro-izquierda,desaprueba,Inseguridad,Frente Amplio
66+,femenino,Montevideo,izquierda,desaprueba,Educación,Frente Amplio
36-45,femenino,Canelones,centro-izquierda,desaprueba,Economía/Empleo/Costo de vida,Frente Amplio
66+,femenino,Canelones,centro-izquierda,desaprueba,Inseguridad,Frente Amplio
46-55,femenino,Montevideo,derecha,aprueba,Educación,No he decidido
46-55,femenino,Artigas,centro-izquierda,ni aprueba ni desaprueba,Economía/Empleo/Costo de vida,Partido Nacional
46-55,masculino,San José,derecha,aprueba,Inseguridad,Partido Colorado
18-22,masculino,Maldonado,centro-izquierda,desaprueba,Economía/Empleo/Costo de vida,Frente Amplio
23-35,masculino,Montevideo,izquierda,NS/NC,Inseguridad,Frente Amplio
46-55,femenino,Montevideo,derecha,aprueba,Economía/Empleo/Costo de vida,No he decidido
36-45,femenino,Maldonado,NS/NC,desaprueba,Medio Ambiente,Frente Amplio
66+,femenino,Montevideo,NS/NC,NS/NC,Economía/Empleo/Costo de vida,Cabildo Abierto
46-55,masculino,Maldonado,centro-derecha,aprueba,Educación,Partido Nacional
66+,femenino,Artigas,NS/NC,aprueba,Inseguridad,Partido Nacional
18-22,masculino,Maldonado,izquierda,desaprueba,Corrupción en el Gobierno,Frente Amplio
23-35,masculino,San José,derecha,aprueba,Inseguridad,Partido Colorado
56-65,femenino,Canelones,izquierda radical,NS/NC,Salud,Frente Amplio
56-65,masculino,Maldonado,NS/NC,desaprueba,Economía/Empleo/Costo de vida,Partido Independiente
66+,femenino,Maldonado,centro-derecha,aprueba,Economía/Empleo/Costo de vida,Partido Colorado
18-22,femenino,Artigas,izquierda,desaprueba,Inseguridad,Frente Amplio
66+,masculino,Canelones,izquierda,desaprueba,Inseguridad,Frente Amplio
18-22,femenino,Montevideo,NS/NC,aprueba,Salud,Cabildo Abierto
46-55,femenino,Montevideo,izquierda,ni aprueba ni desaprueba,Inseguridad,No he decidido
36-45,masculino,Canelones,izquierda,desaprueba,Medio Ambiente,Frente Amplio
23-35,masculino,Montevideo,izquierda radical,ni aprueba ni desaprueba,Inseguridad,Unidad Popular
18-22,masculino,Montevideo,izquierda,desaprueba,Economía/Empleo/Costo de vida,Frente Amplio
18-22,masculino,Salto,centro-izquierda,ni aprueba ni desaprueba,Corrupción en el Gobierno,Frente Amplio
66+,femenino,Canelones,izquierda radical,desaprueba,Corrupción en el Gobierno,Unidad Popular
23-35,femenino,Canelones,centro-izquierda,desaprueba,Corrupción en el Gobierno,Frente Amplio
36-45,femenino,San José,derecha radical,aprueba,Inseguridad,Partido Nacional
18-22,femenino,Montevideo,derecha,aprueba,Inseguridad,Cabildo Abierto
18-22,femenino,Montevideo,derecha,aprueba,Corrupción en el Gobierno,No votará/Blanco/Anulado
18-22,masculino,Salto,centro-derecha,ni aprueba ni desaprueba,Inseguridad,Partido Colorado
36-45,femenino,Montevideo,izquierda radical,ni aprueba ni desaprueba,Inseguridad,Unidad Popular
36-45,femenino,Florida,derecha,aprueba,Economía/Empleo/Costo de vida,Partido Nacional
36-45,masculino,Maldonado,izquierda,NS/NC,Corrupción en el Gobierno,Frente Amplio
18-22,masculino,Montevideo,izquierda,desaprueba,Educación,Frente Amplio
36-45,femenino,Canelones,derecha,ni aprueba ni desaprueba,Inseguridad,No he decidido
18-22,femenino,Canelones,centro,aprueba,Corrupción en el Gobierno,Partido Nacional
18-22,femenino,Montevideo,izquierda radical,desaprueba,Inseguridad,Unidad Popular
23-35,masculino,Montevideo,centro,desaprueba,Economía/Empleo/Costo de vida,Frente Amplio
46-55,masculino,Montevideo,izquierda,desaprueba,Medio Ambiente,Frente Amplio
46-55,masculino,Montevideo,NS/NC,NS/NC,Economía/Empleo/Costo de vida,Frente Amplio
18-22,masculino,Montevideo,centro-izquierda,desaprueba,Corrupción en el Gobierno,Frente Amplio
18-22,masculino,Artigas,derecha,ni aprueba ni desaprueba,Inseguridad,Partido Nacional
46-55,femenino,Lavalleja,izquierda,desaprueba,Economía/Empleo/Costo de vida,Frente Amplio
23-35,masculino,Maldonado,derecha radical,desaprueba,Economía/Empleo/Costo de vida,Cabildo Abierto
23-35,masculino,Flores,derecha,aprueba,Inseguridad,Partido Nacional
66+,masculino,Flores,derecha,aprueba,Medio Ambiente,Partido Nacional
46-55,masculino,Rivera,derecha radical,aprueba,Medio Ambiente,Partido Nacional
56-65,femenino,Maldonado,izquierda,desaprueba,Educación,Frente Amplio
66+,femenino,Montevideo,izquierda radical,desaprueba,Corrupción en el Gobierno,Frente Amplio
46-55,masculino,Durazno,derecha radical,desaprueba,Inseguridad,Partido Nacional
18-22,femenino,Canelones,derecha radical,aprueba,Corrupción en el Gobierno,Partido Nacional
23-35,femenino,Montevideo,NS/NC,ni aprueba ni desaprueba,Educación,Frente Amplio
66+,femenino,San José,derecha,aprueba,NS/NC,Partido Nacional
18-22,femenino,Soriano,centro-izquierda,desaprueba,Economía/Empleo/Costo de vida,Frente Amplio
46-55,masculino,Colonia,centro-derecha,aprueba,Economía/Empleo/Costo de vida,Partido Nacional
23-35,femenino,Canelones,izquierda,desaprueba,Corrupción en el Gobierno,Frente Amplio
36-45,femenino,Montevideo,derecha,desaprueba,Inseguridad,No he decidido
46-55,femenino,Canelones,izquierda radical,desaprueba,Educación,Partido Ecologíasta Radical/César Vega
18-22,masculino,Montevideo,centro-izquierda,desaprueba,Economía/Empleo/Costo de vida,Frente Amplio
46-55,masculino,Maldonado,izquierda,desaprueba,Inseguridad,Frente Amplio
36-45,masculino,Cerro Largo,derecha,aprueba,NS/NC,Partido Nacional
66+,femenino,Florida,derecha,aprueba,Corrupción en el Gobierno,Partido Nacional
18-22,masculino,Maldonado,centro-izquierda,desaprueba,Economía/Empleo/Costo de vida,Frente Amplio
46-55,femenino,Río Negro,derecha,aprueba,Educación,Partido Nacional
46-55,masculino,Rocha,derecha radical,aprueba,Inseguridad,Cabildo Abierto
23-35,femenino,Montevideo,derecha radical,desaprueba,Economía/Empleo/Costo de vida,Cabildo Abierto
56-65,masculino,Canelones,NS/NC,desaprueba,Educación,Partido Colorado
56-65,masculino,Canelones,izquierda radical,desaprueba,Inseguridad,Frente Amplio
46-55,masculino,Durazno,derecha,aprueba,Medio Ambiente,Partido Nacional
56-65,masculino,Río Negro,centro-derecha,aprueba,Economía/Empleo/Costo de vida,Partido Colorado
56-65,masculino,Artigas,centro-derecha,aprueba,Corrupción en el Gobierno,Partido Nacional
18-22,masculino,Canelones,derecha,aprueba,Economía/Empleo/Costo de vida,Partido Nacional
66+,masculino,Montevideo,centro-izquierda,desaprueba,Inseguridad,Frente Amplio
66+,masculino,Montevideo,derecha radical,desaprueba,Economía/Empleo/Costo de vida,No votará/Blanco/Anulado
23-35,masculino,Tacuarembó,derecha,NS/NC,NS/NC,Partido Nacional
66+,masculino,Artigas,derecha,aprueba,Economía/Empleo/Costo de vida,Partido Nacional
36-45,masculino,Salto,NS/NC,ni aprueba ni desaprueba,Inseguridad,Cabildo Abierto
46-55,femenino,Maldonado,izquierda,desaprueba,Economía/Empleo/Costo de vida,Frente Amplio
46-55,femenino,Montevideo,NS/NC,desaprueba,Corrupción en el Gobierno,No votará/Blanco/Anulado
23-35,femenino,Montevideo,derecha radical,desaprueba,Educación,Frente Amplio
23-35,femenino,Maldonado,derecha,aprueba,Economía/Empleo/Costo de vida,Partido Nacional
23-35,masculino,Canelones,NS/NC,desaprueba,Economía/Empleo/Costo de vida,Partido Nacional
46-55,femenino,Montevideo,izquierda radical,desaprueba,Economía/Empleo/Costo de vida,Frente Amplio
66+,masculino,Montevideo,izquierda radical,desaprueba,Economía/Empleo/Costo de vida,Frente Amplio
23-35,femenino,Montevideo,izquierda,ni aprueba ni desaprueba,Economía/Empleo/Costo de vida,Frente Amplio
18-22,femenino,Montevideo,derecha,desaprueba,Inseguridad,Frente Amplio
23-35,femenino,Montevideo,izquierda,ni aprueba ni desaprueba,Economía/Empleo/Costo de vida,Frente Amplio
36-45,masculino,Paysandú,izquierda,aprueba,Inseguridad,Frente Amplio
56-65,femenino,Canelones,derecha,aprueba,Economía/Empleo/Costo de vida,Partido Nacional
66+,femenino,Salto,NS/NC,desaprueba,Inseguridad,No votará/Blanco/Anulado
46-55,masculino,Maldonado,derecha,aprueba,Corrupción en el Gobierno,Partido Nacional
36-45,femenino,Canelones,NS/NC,desaprueba,Corrupción en el Gobierno,Partido Digital
56-65,femenino,Canelones,izquierda,desaprueba,Inseguridad,Frente Amplio
46-55,femenino,Salto,derecha,aprueba,Economía/Empleo/Costo de vida,Partido Nacional
36-45,masculino,Maldonado,NS/NC,NS/NC,Economía/Empleo/Costo de vida,Partido Colorado
46-55,masculino,Canelones,izquierda,ni aprueba ni desaprueba,Medio Ambiente,Frente Amplio
56-65,femenino,Montevideo,centro-izquierda,desaprueba,Inseguridad,Frente Amplio
56-65,femenino,Rivera,NS/NC,desaprueba,Inseguridad,Partido Colorado
46-55,masculino,Río Negro,derecha radical,aprueba,Economía/Empleo/Costo de vida,Partido Nacional
18-22,masculino,Montevideo,centro-izquierda,desaprueba,Medio Ambiente,Frente Amplio
18-22,femenino,Montevideo,izquierda radical,desaprueba,Inseguridad,Frente Amplio
36-45,femenino,Montevideo,derecha,desaprueba,Economía/Empleo/Costo de vida,Frente Amplio
46-55,femenino,Montevideo,centro,desaprueba,Economía/Empleo/Costo de vida,Frente Amplio
23-35,femenino,Canelones,centro,aprueba,Economía/Empleo/Costo de vida,Partido Colorado
36-45,femenino,Montevideo,derecha,desaprueba,Inseguridad,Frente Amplio
36-45,femenino,San José,derecha radical,aprueba,Economía/Empleo/Costo de vida,Partido Nacional
23-35,masculino,Maldonado,centro,desaprueba,Economía/Empleo/Costo de vida,Frente Amplio
66+,masculino,Montevideo,centro-izquierda,aprueba,Economía/Empleo/Costo de vida,Frente Amplio
66+,femenino,Rivera,centro,aprueba,Inseguridad,Partido Colorado
23-35,masculino,San José,derecha,NS/NC,Inseguridad,Partido Nacional
23-35,masculino,Lavalleja,izquierda radical,aprueba,Educación,No he decidido
66+,masculino,Rivera,izquierda,ni aprueba ni desaprueba,Inseguridad,Frente Amplio
56-65,masculino,San José,izquierda radical,desaprueba,Economía/Empleo/Costo de vida,Frente Amplio
36-45,masculino,San José,centro,desaprueba,Economía/Empleo/Costo de vida,No he decidido
66+,femenino,Maldonado,centro-izquierda,ni aprueba ni desaprueba,Inseguridad,Frente Amplio
23-35,femenino,Montevideo,izquierda,ni aprueba ni desaprueba,Economía/Empleo/Costo de vida,Frente Amplio
23-35,masculino,Montevideo,centro,desaprueba,Economía/Empleo/Costo de vida,No he decidido
18-22,masculino,Montevideo,izquierda radical,ni aprueba ni desaprueba,Educación,Partido Ecologíasta Radical/César Vega
46-55,masculino,San José,NS/NC,NS/NC,Economía/Empleo/Costo de vida,Frente Amplio
46-55,femenino,Montevideo,centro-derecha,desaprueba,Inseguridad,Frente Amplio
56-65,femenino,Canelones,derecha,aprueba,Economía/Empleo/Costo de vida,Partido Nacional
36-45,femenino,Montevideo,izquierda,ni aprueba ni desaprueba,Inseguridad,Frente Amplio
66+,femenino,San José,centro-derecha,aprueba,Corrupción en el Gobierno,Partido Nacional
18-22,masculino,Montevideo,izquierda radical,ni aprueba ni desaprueba,Economía/Empleo/Costo de vida,Frente Amplio
36-45,masculino,Florida,derecha radical,aprueba,Economía/Empleo/Costo de vida,No he decidido
18-22,masculino,Montevideo,NS/NC,desaprueba,Salud,Frente Amplio
23-35,masculino,Montevideo,derecha,NS/NC,Inseguridad,No votará/Blanco/Anulado
18-22,femenino,Flores,NS/NC,ni aprueba ni desaprueba,Economía/Empleo/Costo de vida,Frente Amplio
56-65,masculino,Río Negro,derecha radical,desaprueba,Inseguridad,Cabildo Abierto
46-55,femenino,Montevideo,izquierda,desaprueba,Inseguridad,Frente Amplio
18-22,femenino,Río Negro,centro-derecha,aprueba,Corrupción en el Gobierno,Partido Colorado
23-35,femenino,San José,derecha radical,aprueba,Economía/Empleo/Costo de vida,Partido Nacional
66+,masculino,Montevideo,derecha,ni aprueba ni desaprueba,Economía/Empleo/Costo de vida,Partido Ecologíasta Radical/César Vega
23-35,masculino,San José,NS/NC,ni aprueba ni desaprueba,Corrupción en el Gobierno,Frente Amplio
36-45,femenino,Montevideo,izquierda,desaprueba,Economía/Empleo/Costo de vida,Frente Amplio
23-35,femenino,Soriano,izquierda,desaprueba,Medio Ambiente,Frente Amplio
36-45,femenino,Montevideo,NS/NC,desaprueba,Corrupción en el Gobierno,Partido Ecologíasta Radical/César Vega
36-45,masculino,Salto,centro-izquierda,desaprueba,Educación,Frente Amplio
23-35,femenino,Canelones,derecha radical,desaprueba,Economía/Empleo/Costo de vida,Cabildo Abierto
66+,femenino,Montevideo,centro-izquierda,ni aprueba ni desaprueba,Inseguridad,Frente Amplio
56-65,masculino,Maldonado,derecha,aprueba,Medio Ambiente,Partido Nacional
23-35,femenino,Paysandú,izquierda,desaprueba,Inseguridad,Frente Amplio
46-55,masculino,Río Negro,centro-derecha,aprueba,Economía/Empleo/Costo de vida,Partido Nacional
56-65,masculino,Montevideo,izquierda,desaprueba,Corrupción en el Gobierno,Frente Amplio
18-22,femenino,Rocha,izquierda,desaprueba,Economía/Empleo/Costo de vida,Frente Amplio
46-55,masculino,San José,derecha radical,aprueba,Economía/Empleo/Costo de vida,Partido Nacional
36-45,masculino,Maldonado,NS/NC,desaprueba,Inseguridad,Frente Amplio
46-55,femenino,Montevideo,izquierda,desaprueba,Inseguridad,Frente Amplio
66+,masculino,Montevideo,izquierda,desaprueba,Política Internacional,Frente Amplio
36-45,masculino,Canelones,derecha,ni aprueba ni desaprueba,Inseguridad,Partido Nacional
56-65,femenino,Durazno,derecha,ni aprueba ni desaprueba,Inseguridad,Partido Nacional
46-55,femenino,Montevideo,izquierda,desaprueba,Economía/Empleo/Costo de vida,Frente Amplio
46-55,masculino,Río Negro,centro-derecha,aprueba,Economía/Empleo/Costo de vida,Partido Nacional
46-55,femenino,San José,centro,aprueba,Inseguridad,Partido Colorado
23-35,masculino,Durazno,izquierda,aprueba,Economía/Empleo/Costo de vida,Partido Nacional
18-22,femenino,Río Negro,derecha,ni aprueba ni desaprueba,Economía/Empleo/Costo de vida,Partido Nacional
56-65,femenino,San José,centro,aprueba,Inseguridad,Partido Nacional
66+,masculino,Montevideo,izquierda,ni aprueba ni desaprueba,Corrupción en el Gobierno,Frente Amplio
66+,femenino,Tacuarembó,centro-izquierda,desaprueba,Inseguridad,Frente Amplio
46-55,masculino,Montevideo,NS/NC,aprueba,Economía/Empleo/Costo de vida,Frente Amplio
36-45,femenino,Maldonado,izquierda radical,desaprueba,Corrupción en el Gobierno,Identidad Ciudadana/Gustavo Salle
66+,femenino,San José,izquierda,aprueba,Corrupción en el Gobierno,Partido Nacional
66+,masculino,Artigas,izquierda,NS/NC,Inseguridad,Frente Amplio
46-55,femenino,Montevideo,NS/NC,desaprueba,Corrupción en el Gobierno,Partido Digital
18-22,masculino,Canelones,derecha,ni aprueba ni desaprueba,Corrupción en el Gobierno,Frente Amplio
66+,femenino,Canelones,NS/NC,aprueba,Corrupción en el Gobierno,Partido Nacional
23-35,femenino,Florida,izquierda,ni aprueba ni desaprueba,Economía/Empleo/Costo de vida,Frente Amplio
36-45,femenino,Montevideo,izquierda,aprueba,Salud,Partido Nacional
56-65,masculino,Montevideo,centro-derecha,desaprueba,Economía/Empleo/Costo de vida,Frente Amplio
18-22,femenino,Canelones,izquierda,desaprueba,Educación,Frente Amplio
36-45,masculino,Canelones,derecha radical,desaprueba,Corrupción en el Gobierno,No votará/Blanco/Anulado
66+,femenino,Paysandú,derecha radical,aprueba,NS/NC,Partido Nacional
36-45,femenino,Montevideo,derecha,aprueba,Inseguridad,Partido Nacional
23-35,femenino,Salto,izquierda,desaprueba,Corrupción en el Gobierno,Partido Nacional
36-45,femenino,Montevideo,izquierda radical,desaprueba,Inseguridad,Frente Amplio
23-35,femenino,Montevideo,izquierda radical,desaprueba,Economía/Empleo/Costo de vida,Frente Amplio
23-35,masculino,Salto,centro-derecha,ni aprueba ni desaprueba,Economía/Empleo/Costo de vida,No he decidido
36-45,masculino,Montevideo,derecha,ni aprueba ni desaprueba,Economía/Empleo/Costo de vida,No votará/Blanco/Anulado
18-22,femenino,Canelones,izquierda radical,desaprueba,Economía/Empleo/Costo de vida,Frente Amplio
36-45,femenino,Montevideo,centro-izquierda,desaprueba,Corrupción en el Gobierno,No he decidido
66+,masculino,Montevideo,centro-derecha,aprueba,Corrupción en el Gobierno,Partido Nacional
56-65,femenino,San José,derecha,aprueba,Corrupción en el Gobierno,Partido Nacional
66+,masculino,Durazno,izquierda,desaprueba,Economía/Empleo/Costo de vida,Frente Amplio
46-55,masculino,Canelones,izquierda,aprueba,Economía/Empleo/Costo de vida,Partido Nacional
36-45,masculino,Montevideo,izquierda,desaprueba,Medio Ambiente,Frente Amplio
36-45,masculino,Montevideo,izquierda,aprueba,Corrupción en el Gobierno,No votará/Blanco/Anulado
23-35,femenino,Canelones,izquierda,aprueba,Inseguridad,Partido Nacional
56-65,femenino,Colonia,derecha,aprueba,NS/NC,Partido Nacional
56-65,masculino,Río Negro,NS/NC,desaprueba,Corrupción en el Gobierno,Partido Digital
56-65,masculino,Canelones,izquierda,desaprueba,Inseguridad,Frente Amplio
18-22,masculino,Canelones,centro-izquierda,aprueba,Inseguridad,No votará/Blanco/Anulado
66+,masculino,Montevideo,izquierda,ni aprueba ni desaprueba,NS/NC,Frente Amplio
66+,masculino,Canelones,izquierda radical,aprueba,Economía/Empleo/Costo de vida,Frente Amplio
18-22,femenino,Montevideo,derecha,ni aprueba ni desaprueba,Educación,Partido Nacional
56-65,masculino,Canelones,izquierda radical,desaprueba,Corrupción en el Gobierno,Frente Amplio
66+,femenino,Montevideo,NS/NC,desaprueba,Inseguridad,No he decidido
18-22,masculino,Montevideo,derecha radical,desaprueba,Economía/Empleo/Costo de vida,Identidad Ciudadana/Gustavo Salle
46-55,masculino,Maldonado,centro-derecha,desaprueba,Inseguridad,Frente Amplio
36-45,femenino,Florida,NS/NC,aprueba,Economía/Empleo/Costo de vida,Partido Nacional
23-35,masculino,Florida,derecha radical,aprueba,Educación,Partido Nacional
56-65,femenino,Montevideo,derecha,desaprueba,Medio Ambiente,Frente Amplio
23-35,femenino,Montevideo,izquierda,aprueba,Inseguridad,Partido Nacional
36-45,masculino,Canelones,NS/NC,desaprueba,Inseguridad,No he decidido
36-45,femenino,Rivera,NS/NC,desaprueba,Corrupción en el Gobierno,Frente Amplio
56-65,masculino,Canelones,izquierda radical,desaprueba,Inseguridad,Frente Amplio
23-35,femenino,Montevideo,derecha,ni aprueba ni desaprueba,Educación,Partido Nacional
56-65,femenino,Canelones,NS/NC,aprueba,Corrupción en el Gobierno,Cabildo Abierto
18-22,masculino,Canelones,derecha radical,desaprueba,Corrupción en el Gobierno,Frente Amplio
18-22,femenino,Montevideo,centro-derecha,desaprueba,Inseguridad,Frente Amplio
56-65,masculino,Montevideo,izquierda radical,desaprueba,Corrupción en el Gobierno,Frente Amplio
18-22,femenino,Florida,NS/NC,desaprueba,Corrupción en el Gobierno,Frente Amplio
23-35,masculino,Montevideo,centro-izquierda,desaprueba,Inseguridad,Frente Amplio
66+,masculino,Montevideo,centro-derecha,aprueba,Economía/Empleo/Costo de vida,Partido Nacional
36-45,masculino,Canelones,izquierda,ni aprueba ni desaprueba,Inseguridad,Frente Amplio
46-55,femenino,Montevideo,centro-derecha,desaprueba,Economía/Empleo/Costo de vida,Frente Amplio
56-65,femenino,Río Negro,NS/NC,desaprueba,Inseguridad,Frente Amplio
46-55,femenino,Montevideo,izquierda radical,desaprueba,Economía/Empleo/Costo de vida,Frente Amplio
23-35,masculino,Canelones,centro,desaprueba,Corrupción en el Gobierno,Frente Amplio
23-35,femenino,Montevideo,centro,aprueba,Inseguridad,Partido Nacional
36-45,masculino,Montevideo,centro,desaprueba,Economía/Empleo/Costo de vida,Frente Amplio
66+,masculino,Canelones,derecha radical,ni aprueba ni desaprueba,Salud,No votará/Blanco/Anulado
36-45,masculino,Montevideo,centro-izquierda,aprueba,NS/NC,Partido Nacional
23-35,masculino,Florida,derecha radical,aprueba,Economía/Empleo/Costo de vida,Cabildo Abierto
56-65,femenino,Cerro Largo,derecha,aprueba,Inseguridad,Partido Nacional
66+,femenino,Canelones,centro-derecha,ni aprueba ni desaprueba,Economía/Empleo/Costo de vida,Partido Nacional
56-65,femenino,San José,derecha,aprueba,Inseguridad,Partido Nacional
66+,femenino,Montevideo,izquierda,desaprueba,Corrupción en el Gobierno,Frente Amplio
56-65,masculino,Rivera,derecha,desaprueba,Educación,Partido Nacional
18-22,masculino,Canelones,centro-derecha,desaprueba,Inseguridad,Frente Amplio
23-35,masculino,Montevideo,centro,desaprueba,Corrupción en el Gobierno,Frente Amplio
23-35,femenino,Maldonado,derecha,aprueba,Corrupción en el Gobierno,Partido Nacional
36-45,masculino,Canelones,izquierda,desaprueba,Educación,Frente Amplio
23-35,femenino,Canelones,izquierda,aprueba,Inseguridad,Partido Nacional
18-22,femenino,Montevideo,izquierda radical,desaprueba,Inseguridad,Frente Amplio
66+,masculino,Canelones,derecha,aprueba,Corrupción en el Gobierno,Partido Nacional
46-55,femenino,Maldonado,izquierda,desaprueba,Inseguridad,Frente Amplio
23-35,femenino,Montevideo,izquierda,aprueba,Economía/Empleo/Costo de vida,Partido Nacional
36-45,masculino,Montevideo,NS/NC,desaprueba,Corrupción en el Gobierno,Frente Amplio
23-35,femenino,Maldonado,izquierda,desaprueba,Economía/Empleo/Costo de vida,Frente Amplio
46-55,femenino,San José,NS/NC,aprueba,Economía/Empleo/Costo de vida,Frente Amplio
56-65,femenino,Montevideo,izquierda,desaprueba,Educación,Frente Amplio
36-45,femenino,Montevideo,izquierda,desaprueba,Economía/Empleo/Costo de vida,Partido Nacional
23-35,masculino,Montevideo,izquierda radical,desaprueba,Inseguridad,Frente Amplio
66+,masculino,Montevideo,centro-derecha,aprueba,Economía/Empleo/Costo de vida,Partido Nacional
18-22,femenino,Canelones,NS/NC,desaprueba,Corrupción en el Gobierno,Frente Amplio
46-55,femenino,Montevideo,derecha,ni aprueba ni desaprueba,Inseguridad,Partido Colorado
66+,femenino,Colonia,derecha radical,aprueba,Inseguridad,Partido Nacional
56-65,femenino,Montevideo,izquierda radical,desaprueba,Corrupción en el Gobierno,No he decidido
23-35,femenino,Maldonado,derecha,NS/NC,Economía/Empleo/Costo de vida,Partido Nacional
46-55,masculino,Montevideo,centro-derecha,aprueba,Medio Ambiente,Partido Independiente
56-65,femenino,Río Negro,derecha radical,ni aprueba ni desaprueba,Inseguridad,No he decidido
36-45,masculino,Montevideo,centro-izquierda,NS/NC,Economía/Empleo/Costo de vida,Frente Amplio
36-45,femenino,Montevideo,centro,desaprueba,Corrupción en el Gobierno,Partido Nacional
66+,femenino,Paysandú,centro-derecha,desaprueba,Inseguridad,No he decidido
56-65,femenino,Montevideo,centro-izquierda,desaprueba,Economía/Empleo/Costo de vida,Frente Amplio
56-65,masculino,Canelones,izquierda,ni aprueba ni desaprueba,Economía/Empleo/Costo de vida,No he decidido
18-22,masculino,Maldonado,izquierda radical,ni aprueba ni desaprueba,Economía/Empleo/Costo de vida,Frente Amplio
56-65,masculino,San José,derecha,aprueba,NS/NC,Partido Nacional
36-45,femenino,Colonia,NS/NC,aprueba,Corrupción en el Gobierno,Frente Amplio
46-55,masculino,Montevideo,derecha,aprueba,Inseguridad,Partido Nacional
23-35,femenino,Montevideo,izquierda,ni aprueba ni desaprueba,Economía/Empleo/Costo de vida,Frente Amplio
23-35,femenino,Maldonado,centro,ni aprueba ni desaprueba,Educación,Partido Nacional
66+,masculino,Maldonado,derecha radical,aprueba,Corrupción en el Gobierno,Partido Colorado
46-55,masculino,Montevideo,centro,ni aprueba ni desaprueba,Corrupción en el Gobierno,No votará/Blanco/Anulado
56-65,femenino,Montevideo,derecha radical,desaprueba,Medio Ambiente,Frente Amplio
23-35,femenino,Cerro Largo,derecha radical,desaprueba,Corrupción en el Gobierno,Partido Nacional
18-22,masculino,Montevideo,NS/NC,desaprueba,Inseguridad,Frente Amplio
56-65,femenino,Durazno,centro-izquierda,desaprueba,Economía/Empleo/Costo de vida,Frente Amplio
56-65,femenino,Canelones,izquierda radical,desaprueba,Inseguridad,Frente Amplio
66+,masculino,Montevideo,izquierda radical,desaprueba,Inseguridad,Frente Amplio
66+,femenino,Rivera,derecha,NS/NC,Corrupción en el Gobierno,Partido Nacional
36-45,femenino,Montevideo,izquierda radical,desaprueba,Economía/Empleo/Costo de vida,Frente Amplio
56-65,masculino,Canelones,izquierda radical,desaprueba,Inseguridad,Frente Amplio
18-22,masculino,Montevideo,izquierda,aprueba,Inseguridad,Partido Colorado
66+,femenino,Canelones,NS/NC,aprueba,Inseguridad,Frente Amplio
23-35,masculino,Montevideo,izquierda,aprueba,Economía/Empleo/Costo de vida,Frente Amplio
46-55,femenino,Montevideo,izquierda,ni aprueba ni desaprueba,Economía/Empleo/Costo de vida,Frente Amplio
56-65,masculino,Montevideo,izquierda,desaprueba,Medio Ambiente,Frente Amplio
23-35,femenino,Montevideo,centro-derecha,desaprueba,Economía/Empleo/Costo de vida,Frente Amplio
36-45,femenino,Tacuarembó,NS/NC,desaprueba,Corrupción en el Gobierno,Frente Amplio
23-35,masculino,Florida,izquierda,desaprueba,Economía/Empleo/Costo de vida,Frente Amplio
23-35,masculino,Montevideo,izquierda,desaprueba,Economía/Empleo/Costo de vida,Frente Amplio
56-65,masculino,Canelones,izquierda,ni aprueba ni desaprueba,Inseguridad,Frente Amplio
23-35,femenino,Montevideo,izquierda radical,desaprueba,Inseguridad,Frente Amplio
23-35,femenino,Montevideo,centro-izquierda,desaprueba,Educación,Cabildo Abierto
56-65,masculino,Montevideo,derecha,aprueba,Inseguridad,Partido Nacional
18-22,masculino,Montevideo,izquierda,desaprueba,Economía/Empleo/Costo de vida,Frente Amplio
23-35,masculino,Montevideo,izquierda,desaprueba,Inseguridad,Frente Amplio
36-45,masculino,Canelones,NS/NC,desaprueba,Economía/Empleo/Costo de vida,Frente Amplio
36-45,femenino,Montevideo,centro-derecha,aprueba,Inseguridad,Partido Nacional
56-65,masculino,Montevideo,centro,ni aprueba ni desaprueba,Corrupción en el Gobierno,No votará/Blanco/Anulado
46-55,masculino,Montevideo,derecha,aprueba,Economía/Empleo/Costo de vida,Partido Nacional
46-55,femenino,Canelones,centro-izquierda,ni aprueba ni desaprueba,Inseguridad,Frente Amplio
56-65,masculino,Montevideo,izquierda,aprueba,Economía/Empleo/Costo de vida,No he decidido
46-55,femenino,Canelones,centro-derecha,aprueba,NS/NC,Partido Nacional
56-65,femenino,Rocha,centro-izquierda,desaprueba,Economía/Empleo/Costo de vida,Frente Amplio
56-65,masculino,Montevideo,derecha,NS/NC,Corrupción en el Gobierno,Cabildo Abierto
46-55,masculino,Montevideo,centro,aprueba,Inseguridad,Partido Colorado
66+,masculino,Tacuarembó,derecha radical,desaprueba,Corrupción en el Gobierno,Movimiento Basta Ya/Jorge Bonica
46-55,masculino,Montevideo,NS/NC,desaprueba,Economía/Empleo/Costo de vida,No votará/Blanco/Anulado
56-65,femenino,Durazno,izquierda,desaprueba,Economía/Empleo/Costo de vida,Frente Amplio
36-45,masculino,Montevideo,izquierda,desaprueba,Economía/Empleo/Costo de vida,Frente Amplio
23-35,femenino,Montevideo,centro-derecha,aprueba,Educación,Partido Colorado
66+,femenino,Durazno,derecha,aprueba,Corrupción en el Gobierno,Partido Nacional
36-45,masculino,Colonia,NS/NC,ni aprueba ni desaprueba,Economía/Empleo/Costo de vida,Frente Amplio
36-45,masculino,Montevideo,izquierda radical,desaprueba,Economía/Empleo/Costo de vida,Unidad Popular
56-65,masculino,Río Negro,centro-izquierda,aprueba,NS/NC,No he decidido
36-45,femenino,Montevideo,izquierda,desaprueba,Economía/Empleo/Costo de vida,Frente Amplio
56-65,femenino,Canelones,derecha,aprueba,Economía/Empleo/Costo de vida,No votará/Blanco/Anulado
23-35,femenino,Maldonado,izquierda,desaprueba,Corrupción en el Gobierno,No he decidido
36-45,masculino,Montevideo,derecha,ni aprueba ni desaprueba,Educación,Partido Nacional
46-55,femenino,Canelones,izquierda radical,desaprueba,Inseguridad,Frente Amplio
23-35,femenino,Lavalleja,izquierda,NS/NC,Economía/Empleo/Costo de vida,Frente Amplio
46-55,femenino,Montevideo,centro-izquierda,aprueba,Economía/Empleo/Costo de vida,Frente Amplio
23-35,masculino,Canelones,centro-izquierda,desaprueba,Inseguridad,Frente Amplio
23-35,masculino,Rivera,centro-izquierda,aprueba,Economía/Empleo/Costo de vida,No he decidido
23-35,femenino,Montevideo,izquierda radical,aprueba,Medio Ambiente,No he decidido
23-35,masculino,Montevideo,NS/NC,NS/NC,Inseguridad,Frente Amplio
66+,femenino,Montevideo,derecha radical,desaprueba,Economía/Empleo/Costo de vida,Cabildo Abierto
36-45,femenino,Montevideo,derecha,NS/NC,Educación,Partido Nacional
56-65,masculino,Montevideo,centro-izquierda,desaprueba,Inseguridad,Frente Amplio
23-35,masculino,Montevideo,izquierda,desaprueba,Inseguridad,Frente Amplio
36-45,masculino,Cerro Largo,centro-izquierda,desaprueba,Inseguridad,Frente Amplio
23-35,femenino,Montevideo,izquierda,ni aprueba ni desaprueba,Corrupción en el Gobierno,Frente Amplio
18-22,masculino,Canelones,izquierda radical,desaprueba,Inseguridad,Frente Amplio
46-55,masculino,Montevideo,centro-izquierda,desaprueba,Corrupción en el Gobierno,Frente Amplio
36-45,femenino,Montevideo,izquierda,desaprueba,Inseguridad,Frente Amplio
46-55,femenino,Soriano,izquierda,aprueba,Economía/Empleo/Costo de vida,Frente Amplio
36-45,femenino,Soriano,izquierda,desaprueba,Economía/Empleo/Costo de vida,Frente Amplio
56-65,femenino,Canelones,izquierda radical,desaprueba,Inseguridad,Frente Amplio
23-35,masculino,Río Negro,centro,desaprueba,Corrupción en el Gobierno,No he decidido
18-22,femenino,Montevideo,NS/NC,desaprueba,Economía/Empleo/Costo de vida,Frente Amplio
46-55,masculino,Montevideo,izquierda,aprueba,Economía/Empleo/Costo de vida,Frente Amplio
56-65,femenino,Salto,centro-izquierda,aprueba,Economía/Empleo/Costo de vida,Cabildo Abierto
36-45,masculino,Cerro Largo,derecha radical,desaprueba,Inseguridad,No votará/Blanco/Anulado
66+,femenino,Canelones,derecha,aprueba,NS/NC,Partido Nacional
56-65,masculino,Montevideo,centro-izquierda,NS/NC,Inseguridad,Partido Nacional
18-22,femenino,Maldonado,izquierda,NS/NC,Educación,Frente Amplio
56-65,femenino,Rivera,centro,aprueba,Economía/Empleo/Costo de vida,Partido Colorado
23-35,masculino,Paysandú,NS/NC,desaprueba,Corrupción en el Gobierno,Frente Amplio
23-35,femenino,Canelones,centro-derecha,desaprueba,Inseguridad,Frente Amplio
56-65,masculino,Canelones,centro,desaprueba,Economía/Empleo/Costo de vida,Frente Amplio
56-65,masculino,Montevideo,derecha,ni aprueba ni desaprueba,Economía/Empleo/Costo de vida,Partido Nacional
18-22,masculino,Canelones,izquierda,NS/NC,Educación,Frente Amplio
18-22,masculino,Maldonado,derecha radical,ni aprueba ni desaprueba,Economía/Empleo/Costo de vida,Cabildo Abierto
36-45,femenino,Paysandú,izquierda,ni aprueba ni desaprueba,Inseguridad,Frente Amplio
18-22,masculino,San José,centro-izquierda,desaprueba,Medio Ambiente,Frente Amplio
66+,masculino,Canelones,derecha,ni aprueba ni desaprueba,Corrupción en el Gobierno,Frente Amplio
46-55,masculino,Maldonado,izquierda,desaprueba,Economía/Empleo/Costo de vida,Frente Amplio
66+,femenino,Montevideo,izquierda radical,desaprueba,Economía/Empleo/Costo de vida,Frente Amplio
66+,femenino,Montevideo,izquierda,desaprueba,Economía/Empleo/Costo de vida,Frente Amplio
56-65,masculino,Maldonado,derecha,aprueba,Economía/Empleo/Costo de vida,Partido Nacional
23-35,femenino,Montevideo,centro-derecha,desaprueba,Inseguridad,Frente Amplio
23-35,masculino,Montevideo,NS/NC,aprueba,Economía/Empleo/Costo de vida,No he decidido
66+,masculino,Montevideo,centro,desaprueba,Economía/Empleo/Costo de vida,Partido Nacional
18-22,masculino,Montevideo,derecha radical,ni aprueba ni desaprueba,NS/NC,Partido Nacional
18-22,femenino,Montevideo,NS/NC,ni aprueba ni desaprueba,NS/NC,No votará/Blanco/Anulado
36-45,masculino,Salto,izquierda,desaprueba,Corrupción en el Gobierno,Frente Amplio
36-45,masculino,Canelones,centro-derecha,ni aprueba ni desaprueba,Corrupción en el Gobierno,No votará/Blanco/Anulado
36-45,femenino,Canelones,derecha radical,desaprueba,Corrupción en el Gobierno,Partido Nacional
66+,femenino,Treinta y Tres,derecha,aprueba,Inseguridad,Partido Nacional
46-55,femenino,Canelones,izquierda,desaprueba,Inseguridad,Frente Amplio
46-55,femenino,Florida,izquierda,aprueba,Inseguridad,Frente Amplio
23-35,masculino,Canelones,izquierda,desaprueba,Inseguridad,No votará/Blanco/Anulado
46-55,masculino,Montevideo,izquierda radical,desaprueba,NS/NC,Frente Amplio
46-55,femenino,Montevideo,derecha radical,aprueba,Educación,Partido Nacional
36-45,masculino,Florida,NS/NC,aprueba,Economía/Empleo/Costo de vida,Frente Amplio
23-35,femenino,Canelones,centro-izquierda,desaprueba,NS/NC,Frente Amplio
36-45,femenino,Lavalleja,NS/NC,desaprueba,Inseguridad,Frente Amplio
66+,masculino,Cerro Largo,centro,desaprueba,Economía/Empleo/Costo de vida,No he decidido
23-35,femenino,Montevideo,centro-izquierda,desaprueba,Inseguridad,No he decidido
56-65,femenino,Tacuarembó,derecha,desaprueba,Economía/Empleo/Costo de vida,Partido Nacional
18-22,masculino,Montevideo,izquierda,aprueba,Inseguridad,Partido Nacional
23-35,masculino,Montevideo,centro-izquierda,aprueba,Economía/Empleo/Costo de vida,Frente Amplio
36-45,masculino,Canelones,centro-derecha,aprueba,Economía/Empleo/Costo de vida,Partido Nacional
56-65,masculino,Montevideo,NS/NC,desaprueba,Inseguridad,Frente Amplio
36-45,femenino,Paysandú,derecha,aprueba,Corrupción en el Gobierno,Partido Nacional
23-35,femenino,Maldonado,centro-izquierda,desaprueba,Economía/Empleo/Costo de vida,Frente Amplio
23-35,masculino,Salto,derecha,aprueba,Economía/Empleo/Costo de vida,Partido Nacional
66+,femenino,Montevideo,izquierda radical,desaprueba,Educación,Unidad Popular
46-55,femenino,Canelones,centro-derecha,NS/NC,Política Internacional,Partido Nacional
23-35,masculino,Canelones,izquierda,aprueba,Economía/Empleo/Costo de vida,No he decidido
23-35,masculino,Treinta y Tres,centro,NS/NC,Corrupción en el Gobierno,No he decidido
36-45,femenino,Maldonado,centro,desaprueba,Inseguridad,Partido Colorado
23-35,femenino,Montevideo,derecha,NS/NC,Economía/Empleo/Costo de vida,Partido Nacional
23-35,femenino,Salto,centro-izquierda,desaprueba,Economía/Empleo/Costo de vida,Frente Amplio
46-55,masculino,Montevideo,izquierda,desaprueba,Economía/Empleo/Costo de vida,Frente Amplio
46-55,femenino,Montevideo,izquierda,ni aprueba ni desaprueba,Economía/Empleo/Costo de vida,No he decidido
36-45,femenino,Durazno,derecha,aprueba,Medio Ambiente,Partido Nacional
36-45,femenino,Canelones,izquierda,desaprueba,Corrupción en el Gobierno,Frente Amplio
56-65,femenino,Canelones,izquierda,desaprueba,Inseguridad,Frente Amplio
46-55,femenino,Montevideo,izquierda,desaprueba,Inseguridad,No votará/Blanco/Anulado
56-65,masculino,Canelones,centro,desaprueba,Corrupción en el Gobierno,Frente Amplio
23-35,masculino,Paysandú,derecha,aprueba,Inseguridad,Partido Nacional
18-22,femenino,Colonia,izquierda,ni aprueba ni desaprueba,Educación,Frente Amplio
18-22,femenino,Montevideo,centro,aprueba,Inseguridad,Cabildo Abierto
23-35,masculino,Montevideo,izquierda,aprueba,Inseguridad,Frente Amplio
56-65,femenino,Salto,derecha,ni aprueba ni desaprueba,Inseguridad,No he decidido
18-22,masculino,San José,izquierda radical,desaprueba,Economía/Empleo/Costo de vida,Frente Amplio
46-55,masculino,Montevideo,derecha radical,NS/NC,Economía/Empleo/Costo de vida,Partido Nacional
46-55,masculino,Soriano,centro-derecha,NS/NC,Corrupción en el Gobierno,Partido Colorado
18-22,masculino,Montevideo,izquierda,ni aprueba ni desaprueba,Inseguridad,Partido Nacional
66+,femenino,Montevideo,NS/NC,aprueba,Economía/Empleo/Costo de vida,Partido Nacional
46-55,femenino,Montevideo,izquierda,desaprueba,NS/NC,Frente Amplio
18-22,femenino,Maldonado,centro,desaprueba,Educación,No votará/Blanco/Anulado
56-65,femenino,Canelones,derecha,aprueba,Inseguridad,Partido Nacional
46-55,masculino,Canelones,izquierda radical,desaprueba,Corrupción en el Gobierno,Frente Amplio
66+,masculino,Treinta y Tres,derecha radical,ni aprueba ni desaprueba,Inseguridad,No he decidido
46-55,femenino,Maldonado,izquierda,desaprueba,Economía/Empleo/Costo de vida,Frente Amplio
36-45,masculino,Montevideo,izquierda,desaprueba,Economía/Empleo/Costo de vida,No he decidido
56-65,masculino,Maldonado,derecha radical,aprueba,Corrupción en el Gobierno,Partido Nacional
18-22,masculino,Maldonado,derecha radical,aprueba,Economía/Empleo/Costo de vida,Partido Nacional
56-65,femenino,Canelones,izquierda,ni aprueba ni desaprueba,Corrupción en el Gobierno,Frente Amplio
66+,femenino,Artigas,derecha,aprueba,Inseguridad,Partido Nacional
18-22,femenino,Maldonado,centro-izquierda,desaprueba,Economía/Empleo/Costo de vida,No he decidido
18-22,femenino,Montevideo,derecha radical,aprueba,Política Internacional,Partido Nacional
56-65,femenino,Canelones,derecha,aprueba,Inseguridad,Partido Nacional
66+,masculino,Montevideo,derecha,desaprueba,Educación,Partido Nacional
23-35,masculino,Tacuarembó,izquierda,desaprueba,Economía/Empleo/Costo de vida,Frente Amplio
56-65,masculino,Montevideo,centro-derecha,aprueba,Economía/Empleo/Costo de vida,Partido Nacional
23-35,femenino,Cerro Largo,izquierda radical,desaprueba,Educación,Frente Amplio
66+,femenino,Durazno,derecha,ni aprueba ni desaprueba,Corrupción en el Gobierno,Partido Nacional
56-65,masculino,Canelones,derecha,aprueba,Economía/Empleo/Costo de vida,No he decidido
23-35,masculino,Canelones,izquierda radical,desaprueba,Corrupción en el Gobierno,Frente Amplio
23-35,femenino,Cerro Largo,izquierda,desaprueba,Educación,Frente Amplio
23-35,masculino,Canelones,centro,desaprueba,Educación,Frente Amplio
36-45,masculino,Montevideo,izquierda,ni aprueba ni desaprueba,Economía/Empleo/Costo de vida,Frente Amplio
46-55,masculino,Florida,izquierda,desaprueba,Economía/Empleo/Costo de vida,Frente Amplio
66+,masculino,Montevideo,centro-derecha,aprueba,Corrupción en el Gobierno,Partido Nacional
18-22,masculino,Canelones,derecha,desaprueba,Medio Ambiente,No he decidido
18-22,masculino,Montevideo,centro,aprueba,Economía/Empleo/Costo de vida,Partido Nacional
23-35,masculino,Salto,derecha radical,aprueba,Economía/Empleo/Costo de vida,Partido Colorado
66+,femenino,Soriano,centro-izquierda,desaprueba,Inseguridad,No votará/Blanco/Anulado
36-45,masculino,Montevideo,centro-izquierda,ni aprueba ni desaprueba,Medio Ambiente,Frente Amplio
56-65,masculino,Montevideo,centro-izquierda,desaprueba,Corrupción en el Gobierno,Frente Amplio
66+,masculino,Río Negro,derecha radical,ni aprueba ni desaprueba,Medio Ambiente,Cabildo Abierto
23-35,masculino,Montevideo,NS/NC,desaprueba,Economía/Empleo/Costo de vida,Frente Amplio
18-22,masculino,Montevideo,NS/NC,desaprueba,Corrupción en el Gobierno,Frente Amplio
66+,masculino,Montevideo,izquierda radical,aprueba,Economía/Empleo/Costo de vida,Frente Amplio
23-35,masculino,Lavalleja,derecha,aprueba,Inseguridad,Partido Nacional
46-55,femenino,Montevideo,izquierda,aprueba,Economía/Empleo/Costo de vida,Partido Colorado
36-45,femenino,Cerro Largo,NS/NC,desaprueba,Economía/Empleo/Costo de vida,Frente Amplio
46-55,femenino,Montevideo,izquierda,desaprueba,Corrupción en el Gobierno,Frente Amplio
46-55,masculino,Flores,centro-izquierda,aprueba,Inseguridad,Frente Amplio
46-55,masculino,Maldonado,centro-izquierda,desaprueba,Inseguridad,No he decidido
46-55,masculino,Canelones,izquierda,aprueba,Economía/Empleo/Costo de vida,Partido Nacional
23-35,masculino,Colonia,izquierda,NS/NC,Economía/Empleo/Costo de vida,Frente Amplio
36-45,femenino,Canelones,derecha radical,desaprueba,Corrupción en el Gobierno,No he decidido
46-55,masculino,Florida,izquierda,desaprueba,Economía/Empleo/Costo de vida,No he decidido
56-65,masculino,Montevideo,centro-derecha,desaprueba,NS/NC,Partido Nacional
56-65,femenino,Canelones,derecha,aprueba,Inseguridad,Frente Amplio
23-35,femenino,Canelones,izquierda,desaprueba,Inseguridad,Frente Amplio
36-45,masculino,Tacuarembó,derecha radical,aprueba,Inseguridad,No he decidido
46-55,femenino,Montevideo,izquierda radical,ni aprueba ni desaprueba,NS/NC,Partido Nacional
23-35,masculino,Canelones,izquierda radical,ni aprueba ni desaprueba,Economía/Empleo/Costo de vida,Frente Amplio
18-22,masculino,Maldonado,izquierda,desaprueba,Economía/Empleo/Costo de vida,Frente Amplio
46-55,masculino,Canelones,derecha,aprueba,Educación,Partido Nacional
66+,masculino,Montevideo,centro,desaprueba,Economía/Empleo/Costo de vida,No votará/Blanco/Anulado
36-45,masculino,Canelones,NS/NC,ni aprueba ni desaprueba,Corrupción en el Gobierno,Partido Colorado
36-45,masculino,Montevideo,derecha,aprueba,Inseguridad,Partido Nacional
18-22,femenino,Montevideo,centro-izquierda,desaprueba,Corrupción en el Gobierno,Frente Amplio
18-22,femenino,Rocha,derecha radical,ni aprueba ni desaprueba,Inseguridad,Cabildo Abierto
56-65,femenino,Artigas,centro-izquierda,desaprueba,Corrupción en el Gobierno,No votará/Blanco/Anulado
46-55,masculino,Montevideo,centro-izquierda,aprueba,Inseguridad,Partido Nacional
46-55,femenino,Maldonado,NS/NC,aprueba,Economía/Empleo/Costo de vida,No he decidido
23-35,femenino,Flores,derecha,aprueba,Economía/Empleo/Costo de vida,Partido Nacional
46-55,femenino,San José,derecha radical,aprueba,Corrupción en el Gobierno,Cabildo Abierto
18-22,masculino,Canelones,derecha,aprueba,Inseguridad,Partido Nacional
23-35,masculino,Río Negro,centro-derecha,aprueba,Corrupción en el Gobierno,Partido Colorado
18-22,femenino,Canelones,centro-derecha,ni aprueba ni desaprueba,Corrupción en el Gobierno,Partido Nacional
56-65,femenino,Tacuarembó,centro-izquierda,aprueba,Economía/Empleo/Costo de vida,Partido Nacional
66+,femenino,Montevideo,izquierda radical,desaprueba,Corrupción en el Gobierno,Frente Amplio
18-22,masculino,San José,izquierda,desaprueba,Inseguridad,Frente Amplio
56-65,femenino,Montevideo,izquierda,desaprueba,Educación,Frente Amplio
46-55,masculino,Canelones,derecha,ni aprueba ni desaprueba,Economía/Empleo/Costo de vida,No votará/Blanco/Anulado
56-65,masculino,Montevideo,izquierda,desaprueba,Inseguridad,Frente Amplio
36-45,femenino,Canelones,izquierda,desaprueba,Corrupción en el Gobierno,No he decidido
23-35,femenino,Maldonado,derecha radical,desaprueba,Economía/Empleo/Costo de vida,No votará/Blanco/Anulado
46-55,femenino,Colonia,centro,desaprueba,Corrupción en el Gobierno,Frente Amplio
23-35,masculino,Maldonado,izquierda,desaprueba,NS/NC,Frente Amplio
46-55,masculino,Montevideo,NS/NC,aprueba,Inseguridad,Partido Nacional
36-45,masculino,Montevideo,izquierda,desaprueba,Corrupción en el Gobierno,No he decidido
36-45,femenino,Montevideo,izquierda,aprueba,Corrupción en el Gobierno,Frente Amplio
36-45,femenino,Montevideo,centro-izquierda,desaprueba,Inseguridad,Frente Amplio
46-55,femenino,Cerro Largo,derecha radical,ni aprueba ni desaprueba,Economía/Empleo/Costo de vida,Cabildo Abierto
46-55,masculino,Tacuarembó,centro-derecha,aprueba,Inseguridad,Partido Colorado
66+,femenino,Cerro Largo,izquierda,ni aprueba ni desaprueba,Inseguridad,No votará/Blanco/Anulado
46-55,masculino,Salto,izquierda,desaprueba,NS/NC,Frente Amplio
46-55,masculino,Canelones,derecha radical,desaprueba,Inseguridad,Identidad Ciudadana/Gustavo Salle
18-22,masculino,Montevideo,centro-izquierda,aprueba,NS/NC,Partido Nacional
23-35,masculino,Cerro Largo,NS/NC,ni aprueba ni desaprueba,Corrupción en el Gobierno,No votará/Blanco/Anulado
23-35,masculino,Maldonado,NS/NC,NS/NC,Educación,Frente Amplio
46-55,masculino,Canelones,derecha,NS/NC,Corrupción en el Gobierno,Frente Amplio
66+,femenino,Montevideo,derecha,ni aprueba ni desaprueba,Economía/Empleo/Costo de vida,Partido Nacional
46-55,femenino,Artigas,centro-derecha,desaprueba,Economía/Empleo/Costo de vida,Frente Amplio
23-35,masculino,Durazno,izquierda,desaprueba,Inseguridad,Frente Amplio
23-35,femenino,Artigas,derecha radical,desaprueba,Corrupción en el Gobierno,Partido Nacional
56-65,masculino,Tacuarembó,derecha,aprueba,Inseguridad,Partido Nacional
66+,masculino,Rivera,centro,ni aprueba ni desaprueba,Educación,Partido Colorado
18-22,masculino,Maldonado,centro-izquierda,desaprueba,Inseguridad,Frente Amplio
56-65,masculino,Flores,derecha,ni aprueba ni desaprueba,Corrupción en el Gobierno,Partido Nacional
23-35,masculino,Montevideo,izquierda radical,aprueba,Medio Ambiente,Cabildo Abierto
36-45,femenino,Montevideo,NS/NC,aprueba,Economía/Empleo/Costo de vida,Partido Independiente
56-65,femenino,Montevideo,derecha radical,ni aprueba ni desaprueba,Corrupción en el Gobierno,Partido Nacional
66+,femenino,Lavalleja,NS/NC,desaprueba,Corrupción en el Gobierno,Frente Amplio
36-45,femenino,Artigas,derecha,aprueba,Educación,Partido Nacional
56-65,femenino,Montevideo,derecha radical,aprueba,Corrupción en el Gobierno,Partido Colorado
36-45,femenino,Maldonado,NS/NC,aprueba,Educación,No he decidido
36-45,femenino,Montevideo,izquierda,desaprueba,Inseguridad,Frente Amplio
56-65,femenino,Cerro Largo,izquierda,desaprueba,Economía/Empleo/Costo de vida,No votará/Blanco/Anulado
66+,femenino,Lavalleja,izquierda radical,desaprueba,Corrupción en el Gobierno,Movimiento Basta Ya/Jorge Bonica
18-22,femenino,Rocha,izquierda,desaprueba,Corrupción en el Gobierno,Frente Amplio
23-35,femenino,Cerro Largo,derecha radical,desaprueba,Corrupción en el Gobierno,Movimiento Basta Ya/Jorge Bonica
36-45,masculino,Montevideo,NS/NC,ni aprueba ni desaprueba,Economía/Empleo/Costo de vida,Partido Nacional
18-22,masculino,Montevideo,centro-derecha,aprueba,Educación,Partido Nacional
56-65,masculino,Montevideo,centro-izquierda,desaprueba,Corrupción en el Gobierno,Frente Amplio
36-45,masculino,Tacuarembó,izquierda radical,ni aprueba ni desaprueba,Economía/Empleo/Costo de vida,Frente Amplio
56-65,femenino,Canelones,centro-derecha,ni aprueba ni desaprueba,Inseguridad,Partido Nacional
66+,masculino,Salto,centro-derecha,aprueba,Economía/Empleo/Costo de vida,Partido Nacional
46-55,masculino,Canelones,izquierda radical,desaprueba,Corrupción en el Gobierno,Frente Amplio
23-35,masculino,Cerro Largo,izquierda,desaprueba,Inseguridad,Frente Amplio
18-22,femenino,Canelones,derecha,ni aprueba ni desaprueba,NS/NC,Partido Nacional
36-45,masculino,Colonia,izquierda,desaprueba,Inseguridad,Frente Amplio
46-55,femenino,Montevideo,derecha radical,ni aprueba ni desaprueba,Economía/Empleo/Costo de vida,Partido Nacional
66+,femenino,Lavalleja,derecha,aprueba,Economía/Empleo/Costo de vida,Partido Nacional
18-22,masculino,Canelones,izquierda,desaprueba,Corrupción en el Gobierno,Frente Amplio
46-55,femenino,Canelones,centro-derecha,aprueba,Inseguridad,Partido Colorado
18-22,femenino,Paysandú,derecha radical,desaprueba,Inseguridad,No he decidido
36-45,femenino,Colonia,izquierda radical,desaprueba,Economía/Empleo/Costo de vida,Frente Amplio
36-45,masculino,Montevideo,izquierda radical,desaprueba,Medio Ambiente,Frente Amplio
23-35,femenino,Montevideo,derecha radical,aprueba,Corrupción en el Gobierno,Cabildo Abierto
66+,femenino,Tacuarembó,NS/NC,desaprueba,Economía/Empleo/Costo de vida,Frente Amplio
18-22,femenino,Canelones,derecha radical,aprueba,Economía/Empleo/Costo de vida,Partido Nacional
66+,masculino,Salto,izquierda,ni aprueba ni desaprueba,Economía/Empleo/Costo de vida,No votará/Blanco/Anulado
56-65,masculino,Salto,derecha,aprueba,Salud,Partido Nacional
46-55,masculino,Treinta y Tres,izquierda,desaprueba,Corrupción en el Gobierno,Frente Amplio
46-55,masculino,Montevideo,centro-izquierda,aprueba,Inseguridad,Partido Nacional
56-65,masculino,Treinta y Tres,NS/NC,aprueba,Corrupción en el Gobierno,Frente Amplio
66+,masculino,Montevideo,NS/NC,desaprueba,Corrupción en el Gobierno,Frente Amplio
36-45,femenino,Florida,izquierda,desaprueba,Educación,Frente Amplio
18-22,masculino,Rivera,derecha,aprueba,Educación,Partido Nacional
18-22,masculino,Maldonado,centro,aprueba,Corrupción en el Gobierno,No he decidido
23-35,masculino,Montevideo,izquierda,desaprueba,Economía/Empleo/Costo de vida,Frente Amplio
23-35,femenino,Montevideo,izquierda radical,desaprueba,NS/NC,Unidad Popular
56-65,masculino,Montevideo,NS/NC,desaprueba,Economía/Empleo/Costo de vida,Frente Amplio
46-55,masculino,Montevideo,derecha,aprueba,Corrupción en el Gobierno,Partido Nacional
46-55,femenino,Montevideo,centro-derecha,desaprueba,Corrupción en el Gobierno,Frente Amplio
56-65,femenino,San José,izquierda,ni aprueba ni desaprueba,Medio Ambiente,Frente Amplio
36-45,masculino,Maldonado,centro,aprueba,Economía/Empleo/Costo de vida,No he decidido
18-22,masculino,San José,centro-derecha,desaprueba,Economía/Empleo/Costo de vida,Frente Amplio
23-35,femenino,Canelones,NS/NC,desaprueba,Inseguridad,Frente Amplio
56-65,femenino,Canelones,NS/NC,NS/NC,Inseguridad,Partido Nacional
18-22,femenino,Montevideo,izquierda,desaprueba,Inseguridad,Frente Amplio
36-45,femenino,Montevideo,izquierda,desaprueba,Corrupción en el Gobierno,Frente Amplio
66+,masculino,Río Negro,derecha,aprueba,Política Internacional,Partido Nacional
66+,femenino,Canelones,izquierda radical,desaprueba,Inseguridad,Identidad Ciudadana/Gustavo Salle
46-55,femenino,Montevideo,NS/NC,desaprueba,Inseguridad,Frente Amplio
46-55,masculino,Canelones,NS/NC,aprueba,Salud,Frente Amplio
46-55,masculino,Montevideo,derecha,desaprueba,Economía/Empleo/Costo de vida,Partido Nacional
56-65,femenino,Montevideo,derecha radical,aprueba,Economía/Empleo/Costo de vida,Partido Nacional
18-22,femenino,Montevideo,centro-izquierda,desaprueba,Corrupción en el Gobierno,Frente Amplio
23-35,femenino,Montevideo,centro-derecha,desaprueba,Inseguridad,Partido Colorado
36-45,masculino,Canelones,derecha,desaprueba,Corrupción en el Gobierno,Partido Nacional
18-22,masculino,Florida,centro-izquierda,ni aprueba ni desaprueba,Economía/Empleo/Costo de vida,Frente Amplio
18-22,femenino,Durazno,centro-derecha,aprueba,Economía/Empleo/Costo de vida,Partido Colorado
36-45,femenino,Treinta y Tres,centro-derecha,desaprueba,NS/NC,Partido Colorado
36-45,femenino,Rivera,NS/NC,desaprueba,Economía/Empleo/Costo de vida,Frente Amplio
18-22,masculino,Canelones,derecha,ni aprueba ni desaprueba,Economía/Empleo/Costo de vida,No he decidido
56-65,femenino,Maldonado,derecha radical,desaprueba,Inseguridad,Partido Nacional
18-22,masculino,Colonia,derecha,desaprueba,Educación,Partido Nacional
46-55,masculino,Tacuarembó,centro-derecha,aprueba,Corrupción en el Gobierno,Partido Nacional
66+,femenino,Montevideo,derecha radical,desaprueba,Economía/Empleo/Costo de vida,Movimiento Basta Ya/Jorge Bonica
18-22,masculino,Canelones,centro,desaprueba,Corrupción en el Gobierno,Frente Amplio
18-22,masculino,Maldonado,centro-izquierda,aprueba,Inseguridad,No he decidido
36-45,femenino,Montevideo,NS/NC,NS/NC,Corrupción en el Gobierno,Frente Amplio
36-45,femenino,Montevideo,NS/NC,aprueba,Economía/Empleo/Costo de vida,Partido Nacional
18-22,masculino,Montevideo,izquierda,desaprueba,Economía/Empleo/Costo de vida,Frente Amplio
66+,masculino,Montevideo,izquierda,desaprueba,Economía/Empleo/Costo de vida,Frente Amplio
23-35,masculino,Maldonado,derecha radical,aprueba,Educación,No he decidido
56-65,masculino,Montevideo,derecha radical,aprueba,Educación,Partido Nacional
66+,masculino,Río Negro,izquierda,aprueba,Corrupción en el Gobierno,Frente Amplio
23-35,masculino,Montevideo,izquierda,NS/NC,Inseguridad,Frente Amplio
66+,femenino,Montevideo,derecha radical,desaprueba,Corrupción en el Gobierno,Movimiento Basta Ya/Jorge Bonica
46-55,masculino,Montevideo,izquierda radical,desaprueba,Economía/Empleo/Costo de vida,No he decidido
56-65,femenino,Canelones,centro,desaprueba,Inseguridad,Frente Amplio
18-22,femenino,Río Negro,izquierda,desaprueba,Corrupción en el Gobierno,Frente Amplio
36-45,femenino,Artigas,izquierda,aprueba,Corrupción en el Gobierno,No votará/Blanco/Anulado
18-22,masculino,Montevideo,centro,desaprueba,Inseguridad,Frente Amplio
36-45,femenino,Soriano,derecha,ni aprueba ni desaprueba,Educación,Partido Nacional
56-65,masculino,Canelones,izquierda,desaprueba,Inseguridad,Frente Amplio
36-45,femenino,Canelones,derecha,ni aprueba ni desaprueba,Economía/Empleo/Costo de vida,No he decidido
23-35,femenino,Montevideo,izquierda radical,desaprueba,Economía/Empleo/Costo de vida,Cabildo Abierto
56-65,femenino,Maldonado,NS/NC,aprueba,Inseguridad,Partido Colorado
46-55,femenino,Canelones,derecha,aprueba,Medio Ambiente,Partido Nacional
56-65,femenino,Montevideo,izquierda radical,desaprueba,Corrupción en el Gobierno,Unidad Popular
36-45,femenino,Rocha,derecha,aprueba,Inseguridad,Partido Nacional
18-22,masculino,Cerro Largo,centro-derecha,desaprueba,Corrupción en el Gobierno,No he decidido
46-55,masculino,Maldonado,derecha radical,aprueba,Economía/Empleo/Costo de vida,Partido Nacional
18-22,masculino,Montevideo,centro-derecha,desaprueba,Inseguridad,Frente Amplio
46-55,masculino,Paysandú,centro-derecha,aprueba,Inseguridad,Partido Colorado
66+,masculino,San José,centro-izquierda,aprueba,Educación,Frente Amplio
36-45,femenino,Cerro Largo,centro-izquierda,aprueba,NS/NC,Frente Amplio
56-65,masculino,San José,derecha,aprueba,Economía/Empleo/Costo de vida,Partido Nacional
23-35,femenino,Río Negro,centro-izquierda,desaprueba,Corrupción en el Gobierno,Frente Amplio
23-35,femenino,Montevideo,centro-derecha,desaprueba,Economía/Empleo/Costo de vida,No votará/Blanco/Anulado
66+,femenino,Maldonado,izquierda radical,desaprueba,Economía/Empleo/Costo de vida,Identidad Ciudadana/Gustavo Salle
23-35,masculino,Río Negro,derecha,ni aprueba ni desaprueba,Inseguridad,Partido Nacional
36-45,femenino,Montevideo,centro-izquierda,desaprueba,Educación,Partido Nacional
18-22,femenino,Canelones,derecha,desaprueba,Inseguridad,Partido Colorado
23-35,femenino,Canelones,centro,desaprueba,Corrupción en el Gobierno,Frente Amplio
66+,masculino,Cerro Largo,NS/NC,NS/NC,Economía/Empleo/Costo de vida,No votará/Blanco/Anulado
46-55,femenino,Montevideo,NS/NC,ni aprueba ni desaprueba,Inseguridad,Partido Nacional
36-45,femenino,Montevideo,NS/NC,aprueba,Inseguridad,Frente Amplio
18-22,masculino,Treinta y Tres,derecha radical,ni aprueba ni desaprueba,Economía/Empleo/Costo de vida,No votará/Blanco/Anulado
56-65,femenino,Canelones,izquierda,ni aprueba ni desaprueba,Economía/Empleo/Costo de vida,No he decidido
56-65,masculino,Canelones,centro-derecha,desaprueba,Economía/Empleo/Costo de vida,Frente Amplio
18-22,femenino,Montevideo,centro-derecha,ni aprueba ni desaprueba,Inseguridad,Partido Nacional
18-22,femenino,Montevideo,centro,aprueba,Corrupción en el Gobierno,Partido Nacional
36-45,femenino,Rivera,centro,aprueba,Economía/Empleo/Costo de vida,Partido Colorado
23-35,femenino,Canelones,NS/NC,desaprueba,Corrupción en el Gobierno,Frente Amplio
18-22,masculino,Maldonado,centro,aprueba,Educación,No votará/Blanco/Anulado
66+,femenino,Montevideo,derecha radical,aprueba,Educación,Partido Nacional
56-65,masculino,Canelones,izquierda,ni aprueba ni desaprueba,Corrupción en el Gobierno,Frente Amplio
36-45,masculino,Canelones,centro-izquierda,aprueba,Corrupción en el Gobierno,Frente Amplio
23-35,masculino,Canelones,derecha radical,aprueba,Economía/Empleo/Costo de vida,Partido Nacional
36-45,femenino,Canelones,derecha,aprueba,Inseguridad,Partido Nacional
18-22,femenino,Montevideo,derecha radical,desaprueba,Corrupción en el Gobierno,No votará/Blanco/Anulado
66+,femenino,Montevideo,izquierda,desaprueba,Economía/Empleo/Costo de vida,Frente Amplio
23-35,masculino,Canelones,centro,aprueba,Economía/Empleo/Costo de vida,Partido Nacional
23-35,masculino,Artigas,centro-derecha,desaprueba,Inseguridad,Partido Nacional
66+,femenino,Montevideo,izquierda,desaprueba,Inseguridad,Frente Amplio
36-45,masculino,Maldonado,derecha,aprueba,Inseguridad,Partido Nacional
46-55,masculino,Maldonado,centro-derecha,aprueba,Inseguridad,Partido Nacional
66+,femenino,Maldonado,derecha radical,ni aprueba ni desaprueba,NS/NC,Cabildo Abierto
36-45,femenino,Maldonado,izquierda,desaprueba,Corrupción en el Gobierno,Frente Amplio
46-55,masculino,Montevideo,izquierda,desaprueba,Corrupción en el Gobierno,No votará/Blanco/Anulado
23-35,masculino,Tacuarembó,izquierda,desaprueba,Inseguridad,Frente Amplio
18-22,femenino,Montevideo,izquierda,aprueba,Economía/Empleo/Costo de vida,Partido Nacional
56-65,masculino,Montevideo,centro-derecha,desaprueba,Economía/Empleo/Costo de vida,Frente Amplio
56-65,femenino,Montevideo,izquierda,desaprueba,Inseguridad,Frente Amplio
56-65,masculino,Montevideo,izquierda radical,desaprueba,Economía/Empleo/Costo de vida,Frente Amplio
46-55,masculino,Maldonado,NS/NC,desaprueba,Inseguridad,Partido Colorado
66+,femenino,Colonia,centro,aprueba,Corrupción en el Gobierno,No votará/Blanco/Anulado
66+,masculino,Montevideo,derecha,ni aprueba ni desaprueba,Corrupción en el Gobierno,Partido Colorado
36-45,femenino,Montevideo,izquierda,aprueba,Economía/Empleo/Costo de vida,Cabildo Abierto
46-55,femenino,Montevideo,izquierda,ni aprueba ni desaprueba,Inseguridad,Frente Amplio
36-45,masculino,Canelones,centro-derecha,ni aprueba ni desaprueba,Corrupción en el Gobierno,Partido Nacional
36-45,masculino,Montevideo,derecha,desaprueba,Economía/Empleo/Costo de vida,Partido Nacional
36-45,femenino,Canelones,izquierda,NS/NC,Economía/Empleo/Costo de vida,Frente Amplio
46-55,femenino,Canelones,izquierda,desaprueba,Economía/Empleo/Costo de vida,Frente Amplio
23-35,femenino,Montevideo,NS/NC,desaprueba,Corrupción en el Gobierno,Frente Amplio
23-35,femenino,Montevideo,izquierda,desaprueba,Economía/Empleo/Costo de vida,Frente Amplio
66+,femenino,Montevideo,izquierda,desaprueba,Corrupción en el Gobierno,Frente Amplio
18-22,femenino,Rivera,izquierda radical,desaprueba,Corrupción en el Gobierno,Frente Amplio
36-45,femenino,Canelones,NS/NC,desaprueba,Economía/Empleo/Costo de vida,Frente Amplio
18-22,masculino,Montevideo,izquierda,aprueba,Corrupción en el Gobierno,Frente Amplio
66+,masculino,Colonia,centro,aprueba,Corrupción en el Gobierno,No he decidido
23-35,masculino,Montevideo,izquierda,desaprueba,Inseguridad,Partido Nacional
23-35,masculino,Río Negro,NS/NC,desaprueba,Inseguridad,Frente Amplio
56-65,femenino,Montevideo,centro-izquierda,aprueba,Economía/Empleo/Costo de vida,No he decidido
46-55,masculino,Canelones,izquierda,desaprueba,Educación,Frente Amplio
56-65,femenino,Montevideo,derecha,ni aprueba ni desaprueba,Corrupción en el Gobierno,No he decidido
66+,femenino,Montevideo,izquierda radical,desaprueba,Salud,Partido Nacional
18-22,femenino,Río Negro,izquierda,desaprueba,Economía/Empleo/Costo de vida,Frente Amplio
23-35,femenino,Rocha,centro-izquierda,ni aprueba ni desaprueba,Inseguridad,No votará/Blanco/Anulado
18-22,masculino,Florida,centro,ni aprueba ni desaprueba,Inseguridad,Partido Nacional
66+,masculino,Montevideo,NS/NC,desaprueba,Economía/Empleo/Costo de vida,Frente Amplio
66+,masculino,Maldonado,derecha radical,NS/NC,Corrupción en el Gobierno,Cabildo Abierto
66+,masculino,Tacuarembó,centro-izquierda,desaprueba,Corrupción en el Gobierno,No votará/Blanco/Anulado
46-55,masculino,Salto,izquierda,ni aprueba ni desaprueba,Economía/Empleo/Costo de vida,Frente Amplio
36-45,femenino,Soriano,derecha radical,aprueba,Medio Ambiente,Cabildo Abierto
56-65,masculino,Montevideo,centro-derecha,desaprueba,Inseguridad,Frente Amplio
18-22,femenino,Montevideo,centro,desaprueba,Economía/Empleo/Costo de vida,No he decidido
46-55,femenino,Canelones,derecha radical,aprueba,Corrupción en el Gobierno,Partido Nacional
66+,masculino,Maldonado,centro-izquierda,desaprueba,Inseguridad,Frente Amplio
66+,masculino,San José,derecha radical,aprueba,Economía/Empleo/Costo de vida,No he decidido
66+,masculino,Maldonado,derecha,ni aprueba ni desaprueba,Corrupción en el Gobierno,Partido Nacional
23-35,femenino,Montevideo,izquierda,desaprueba,Economía/Empleo/Costo de vida,Frente Amplio
36-45,femenino,Treinta y Tres,izquierda,ni aprueba ni desaprueba,NS/NC,Frente Amplio
23-35,masculino,Canelones,derecha radical,desaprueba,Inseguridad,Partido Nacional
18-22,masculino,Montevideo,izquierda,desaprueba,Corrupción en el Gobierno,Frente Amplio
66+,femenino,Florida,izquierda,aprueba,Economía/Empleo/Costo de vida,No he decidido
36-45,masculino,Montevideo,centro-derecha,NS/NC,Economía/Empleo/Costo de vida,Partido Nacional
56-65,femenino,Montevideo,centro-izquierda,desaprueba,Economía/Empleo/Costo de vida,Frente Amplio
66+,masculino,Rocha,izquierda radical,desaprueba,Medio Ambiente,Frente Amplio
18-22,masculino,Montevideo,derecha radical,ni aprueba ni desaprueba,Inseguridad,Identidad Ciudadana/Gustavo Salle
36-45,masculino,Maldonado,NS/NC,desaprueba,Economía/Empleo/Costo de vida,No votará/Blanco/Anulado
23-35,femenino,Maldonado,derecha radical,aprueba,Economía/Empleo/Costo de vida,Cabildo Abierto
46-55,femenino,Cerro Largo,centro-derecha,desaprueba,Medio Ambiente,Partido Nacional
56-65,femenino,San José,derecha radical,desaprueba,Inseguridad,No votará/Blanco/Anulado
36-45,masculino,Montevideo,centro-izquierda,desaprueba,Economía/Empleo/Costo de vida,Frente Amplio
36-45,femenino,Rivera,NS/NC,desaprueba,Corrupción en el Gobierno,Partido Colorado
46-55,masculino,Cerro Largo,NS/NC,desaprueba,Economía/Empleo/Costo de vida,Frente Amplio
56-65,masculino,Treinta y Tres,izquierda,desaprueba,Corrupción en el Gobierno,Frente Amplio
36-45,femenino,Durazno,izquierda radical,aprueba,Economía/Empleo/Costo de vida,Frente Amplio
56-65,masculino,Colonia,centro-derecha,desaprueba,Corrupción en el Gobierno,Frente Amplio
23-35,femenino,Montevideo,derecha,aprueba,Inseguridad,Partido Nacional
36-45,masculino,San José,centro,aprueba,Inseguridad,No he decidido
36-45,masculino,Canelones,NS/NC,aprueba,Economía/Empleo/Costo de vida,No votará/Blanco/Anulado
36-45,femenino,Montevideo,NS/NC,ni aprueba ni desaprueba,NS/NC,Frente Amplio
18-22,femenino,Montevideo,derecha,aprueba,Inseguridad,Frente Amplio
66+,femenino,Canelones,centro-derecha,desaprueba,Inseguridad,Frente Amplio
46-55,femenino,Salto,izquierda,desaprueba,Corrupción en el Gobierno,Frente Amplio
23-35,masculino,Montevideo,izquierda,desaprueba,Economía/Empleo/Costo de vida,Frente Amplio
18-22,masculino,Colonia,izquierda,aprueba,Inseguridad,Frente Amplio
56-65,masculino,Maldonado,derecha,aprueba,Economía/Empleo/Costo de vida,Partido Nacional
56-65,femenino,Flores,izquierda,desaprueba,Corrupción en el Gobierno,Frente Amplio
36-45,masculino,Maldonado,derecha radical,desaprueba,Economía/Empleo/Costo de vida,Frente Amplio
23-35,masculino,Montevideo,centro-izquierda,aprueba,Salud,No votará/Blanco/Anulado
46-55,femenino,Canelones,derecha,aprueba,Inseguridad,Partido Nacional
23-35,femenino,Río Negro,derecha,aprueba,Economía/Empleo/Costo de vida,Partido Nacional
56-65,masculino,Canelones,izquierda radical,aprueba,Educación,Partido Colorado
23-35,masculino,Treinta y Tres,derecha,aprueba,Corrupción en el Gobierno,Partido Nacional
66+,masculino,Rocha,derecha,NS/NC,Inseguridad,Partido Nacional
46-55,femenino,Canelones,izquierda,desaprueba,Inseguridad,Frente Amplio
18-22,masculino,Montevideo,izquierda,desaprueba,Economía/Empleo/Costo de vida,Frente Amplio
36-45,masculino,San José,centro-derecha,desaprueba,Corrupción en el Gobierno,Partido Nacional
36-45,masculino,Maldonado,NS/NC,desaprueba,Economía/Empleo/Costo de vida,Frente Amplio
56-65,femenino,Montevideo,izquierda radical,desaprueba,Corrupción en el Gobierno,Partido Nacional
46-55,femenino,Montevideo,centro-izquierda,aprueba,Inseguridad,Partido Nacional
56-65,masculino,Montevideo,derecha,ni aprueba ni desaprueba,Educación,Partido Nacional
36-45,femenino,Rocha,izquierda,desaprueba,Corrupción en el Gobierno,Frente Amplio
46-55,femenino,Canelones,derecha,ni aprueba ni desaprueba,Corrupción en el Gobierno,Frente Amplio
56-65,femenino,Maldonado,centro,desaprueba,Corrupción en el Gobierno,Frente Amplio
23-35,femenino,Río Negro,NS/NC,NS/NC,Educación,No he decidido
36-45,masculino,Montevideo,izquierda,desaprueba,Economía/Empleo/Costo de vida,Frente Amplio
18-22,masculino,Montevideo,centro-derecha,desaprueba,Corrupción en el Gobierno,Partido Colorado
46-55,masculino,Lavalleja,derecha radical,NS/NC,Inseguridad,Cabildo Abierto
36-45,femenino,Montevideo,centro-izquierda,desaprueba,Medio Ambiente,Frente Amplio
36-45,masculino,Montevideo,centro-izquierda,desaprueba,Inseguridad,No votará/Blanco/Anulado
66+,femenino,Maldonado,izquierda,desaprueba,Inseguridad,Frente Amplio
36-45,femenino,Canelones,NS/NC,ni aprueba ni desaprueba,Economía/Empleo/Costo de vida,Partido Nacional
23-35,femenino,Montevideo,izquierda,desaprueba,Corrupción en el Gobierno,No votará/Blanco/Anulado
18-22,masculino,Maldonado,derecha,aprueba,Corrupción en el Gobierno,Partido Nacional
56-65,masculino,Canelones,izquierda,aprueba,Inseguridad,Frente Amplio
18-22,femenino,Canelones,centro-izquierda,desaprueba,Corrupción en el Gobierno,Frente Amplio
46-55,masculino,Lavalleja,derecha,aprueba,Economía/Empleo/Costo de vida,Partido Nacional
46-55,femenino,Montevideo,derecha radical,ni aprueba ni desaprueba,Economía/Empleo/Costo de vida,Partido Colorado
46-55,femenino,Montevideo,izquierda,aprueba,Economía/Empleo/Costo de vida,Partido Nacional
23-35,femenino,Canelones,izquierda,desaprueba,Inseguridad,Frente Amplio
56-65,masculino,Canelones,izquierda,ni aprueba ni desaprueba,Economía/Empleo/Costo de vida,Frente Amplio
46-55,femenino,Artigas,derecha radical,desaprueba,Inseguridad,Identidad Ciudadana/Gustavo Salle
46-55,femenino,Montevideo,NS/NC,desaprueba,Economía/Empleo/Costo de vida,Frente Amplio
23-35,femenino,Canelones,derecha,aprueba,Inseguridad,Partido Nacional
56-65,femenino,Cerro Largo,NS/NC,ni aprueba ni desaprueba,Economía/Empleo/Costo de vida,Partido Nacional
66+,masculino,Cerro Largo,derecha,NS/NC,Economía/Empleo/Costo de vida,Partido Nacional
36-45,masculino,Montevideo,izquierda radical,aprueba,Inseguridad,Unidad Popular
56-65,femenino,Cerro Largo,centro-derecha,ni aprueba ni desaprueba,Economía/Empleo/Costo de vida,Partido Nacional
36-45,masculino,Montevideo,NS/NC,ni aprueba ni desaprueba,Salud,No he decidido
36-45,femenino,Montevideo,centro-derecha,desaprueba,Corrupción en el Gobierno,Frente Amplio
46-55,femenino,Maldonado,derecha,aprueba,Economía/Empleo/Costo de vida,Partido Nacional
66+,masculino,Montevideo,derecha,desaprueba,Economía/Empleo/Costo de vida,No he decidido
18-22,femenino,Colonia,centro-derecha,aprueba,Economía/Empleo/Costo de vida,No he decidido
56-65,femenino,Montevideo,izquierda,desaprueba,Economía/Empleo/Costo de vida,No votará/Blanco/Anulado
18-22,masculino,Montevideo,izquierda,desaprueba,Economía/Empleo/Costo de vida,Frente Amplio
46-55,masculino,Montevideo,centro-izquierda,desaprueba,Economía/Empleo/Costo de vida,Frente Amplio
66+,masculino,Montevideo,izquierda radical,desaprueba,Corrupción en el Gobierno,Unidad Popular
66+,masculino,Montevideo,izquierda,aprueba,Corrupción en el Gobierno,No he decidido
36-45,masculino,Montevideo,izquierda radical,ni aprueba ni desaprueba,Salud,Frente Amplio
18-22,femenino,Flores,derecha,aprueba,Política Internacional,Partido Nacional
36-45,masculino,Canelones,izquierda,desaprueba,Inseguridad,Frente Amplio
36-45,masculino,Montevideo,izquierda,aprueba,Inseguridad,Frente Amplio
46-55,femenino,Canelones,NS/NC,desaprueba,NS/NC,Frente Amplio
66+,femenino,Montevideo,izquierda,aprueba,Educación,Partido Nacional
18-22,femenino,Montevideo,centro-izquierda,desaprueba,Política Internacional,Frente Amplio
23-35,masculino,Treinta y Tres,NS/NC,aprueba,Inseguridad,Partido Nacional
66+,femenino,Maldonado,NS/NC,desaprueba,Educación,Frente Amplio
46-55,femenino,Montevideo,izquierda,desaprueba,Educación,Frente Amplio
66+,masculino,Montevideo,izquierda,desaprueba,Inseguridad,Frente Amplio
66+,femenino,Cerro Largo,derecha,aprueba,NS/NC,Partido Nacional
66+,masculino,Montevideo,NS/NC,desaprueba,Inseguridad,Cabildo Abierto
46-55,masculino,Canelones,centro-izquierda,desaprueba,Economía/Empleo/Costo de vida,Frente Amplio
46-55,femenino,San José,izquierda radical,aprueba,Inseguridad,No he decidido
23-35,masculino,Montevideo,centro-derecha,desaprueba,Educación,Frente Amplio
18-22,femenino,Canelones,izquierda radical,desaprueba,Economía/Empleo/Costo de vida,Frente Amplio
36-45,femenino,Artigas,izquierda radical,desaprueba,Economía/Empleo/Costo de vida,Frente Amplio
23-35,masculino,Montevideo,izquierda,aprueba,Educación,Partido Nacional
18-22,masculino,Montevideo,derecha radical,aprueba,Inseguridad,Partido Nacional
56-65,femenino,Montevideo,derecha radical,NS/NC,Economía/Empleo/Costo de vida,Partido Nacional
56-65,femenino,Montevideo,izquierda,desaprueba,Economía/Empleo/Costo de vida,Frente Amplio
46-55,masculino,Maldonado,derecha,ni aprueba ni desaprueba,Corrupción en el Gobierno,Partido Nacional
56-65,masculino,Canelones,derecha,NS/NC,Educación,Partido Nacional
36-45,masculino,Montevideo,centro-derecha,ni aprueba ni desaprueba,Inseguridad,Partido Nacional
46-55,femenino,Colonia,izquierda,desaprueba,Economía/Empleo/Costo de vida,No he decidido
23-35,masculino,Flores,derecha,desaprueba,Inseguridad,Partido Nacional
56-65,masculino,Montevideo,izquierda,desaprueba,Educación,Frente Amplio
36-45,femenino,Montevideo,centro-derecha,ni aprueba ni desaprueba,Economía/Empleo/Costo de vida,Partido Nacional
66+,femenino,Cerro Largo,izquierda radical,aprueba,Economía/Empleo/Costo de vida,Partido Nacional
18-22,femenino,Canelones,derecha radical,desaprueba,Economía/Empleo/Costo de vida,Cabildo Abierto
18-22,femenino,Treinta y Tres,NS/NC,ni aprueba ni desaprueba,Inseguridad,Frente Amplio
23-35,masculino,Montevideo,izquierda,desaprueba,NS/NC,Frente Amplio
36-45,femenino,Montevideo,centro-derecha,aprueba,Inseguridad,No votará/Blanco/Anulado
46-55,masculino,Montevideo,derecha,desaprueba,Corrupción en el Gobierno,Frente Amplio
66+,femenino,Montevideo,izquierda radical,desaprueba,Inseguridad,Frente Amplio
23-35,masculino,Montevideo,izquierda,NS/NC,Corrupción en el Gobierno,Frente Amplio
36-45,masculino,San José,centro-derecha,desaprueba,Corrupción en el Gobierno,Frente Amplio
56-65,masculino,Montevideo,centro-izquierda,desaprueba,Economía/Empleo/Costo de vida,Frente Amplio
66+,femenino,Canelones,centro-derecha,ni aprueba ni desaprueba,Educación,Partido Nacional
56-65,masculino,Montevideo,derecha radical,desaprueba,NS/NC,Frente Amplio
46-55,femenino,Montevideo,derecha,aprueba,Inseguridad,Frente Amplio